project_id,category,name,prompt,image
proj_1,"角色设计","恶魔猎手角色","Gothic demon hunter character with dark corrupted armor, glowing red eyes, standing in hellfire background, dramatic cinematic lighting, epic dark fantasy style, highly detailed, concept art","/images/projects/10001.png"
proj_1,"角色设计","角色设计 Asset","A fierce demon hunter warrior in dark gothic armor, crimson blood magic swirling around gauntlets, obsidian steel plates with glowing runes, tattered crimson cape billowing, menacing horned helmet, standing in hellfire ruins, dramatic lighting, ultra detailed 8k, dark fantasy art style","/images/projects/10002.png"
proj_1,"角色设计","角色设计 Asset","Fallen angel necromancer with skeletal armor, pale ghostly skin, glowing green eyes, dark tattered robes with bone ornaments, staff topped with skull gem, summoning undead minions, misty graveyard background, Diablo art style, cinematic lighting","/images/projects/10003.png"
proj_1,"场景设计","地狱熔岩洞穴","Dark hellish cavern with rivers of lava, demonic architecture, skulls and bones scattered, ominous red glow, dramatic shadows, epic dark fantasy environment, concept art","/images/projects/10004.png"
proj_1,"场景设计","场景设计 Asset","Hellish cathedral ruins consumed by flames, towering demon statues crumbling, rivers of molten lava flowing through gothic arches, crimson sky with burning meteors, skeletal pillars reaching skyward, dark oppressive atmosphere, volumetric fog, Diablo game environment, 8k ultra detailed","/images/projects/10005.png"
proj_1,"场景设计","场景设计 Asset","Dark catacombs with ancient stone corridors, flickering torch light casting eerie shadows, demonic runes glowing on walls, pools of blood reflecting candlelight, scattered bones and skulls, cobwebs in corners, oppressive claustrophobic atmosphere, dungeon crawler aesthetic","/images/projects/10006.png"
proj_1,"半身像","半身像 Asset","Portrait of a battle-scarred barbarian warrior, intense glowing red eyes, dark face paint tribal markings, heavy brow furrowed in rage, wild unkempt hair, obsidian armor shoulder plates, dramatic side lighting, gritty realistic style, Diablo character portrait","/images/projects/10007.png"
proj_1,"NPC生成","NPC生成 Asset","Mysterious hooded merchant in dark tattered robes, wrinkled weathered face partially obscured by shadow, glowing amber eyes, wooden cart full of ancient artifacts and potions, standing in dimly lit medieval market, cinematic lighting, RPG NPC style","/images/projects/10008.png"
proj_1,"坐骑","坐骑 Asset","Demonic warhorse with flaming mane and tail, glowing red eyes, obsidian black armor plating with spikes, smoke billowing from nostrils, standing in hellfire landscape, dramatic heroic pose, dark fantasy creature design, ultra detailed","/images/projects/10009.png"
proj_1,"怪兽","堕落恶魔","Corrupted demon creature, multiple horns, glowing red veins, torn wings, standing in flames, menacing pose, dark fantasy monster design, highly detailed","/images/projects/10010.png"
proj_1,"怪兽","怪兽 Asset","Towering demon lord with massive curved horns, crimson scaled skin, glowing magma veins across body, wings of tattered flesh, wielding flaming greatsword, standing in hell throne room, intimidating boss design, Diablo monster art, epic scale","/images/projects/10011.png"
proj_1,"怪兽","怪兽 Asset","Grotesque flesh golem stitched from corpses, multiple twisted limbs, exposed bone and muscle, glowing green pustules, lurching forward menacingly, dark dungeon background, horror creature design, detailed gore textures","/images/projects/10012.png"
proj_1,"美宣","美宣 Asset","Epic promotional poster with demon hunter silhouette facing massive horned demon, hellfire cathedral ruins background, dramatic red and black color scheme, volumetric god rays, floating embers, Diablo logo style, cinematic composition, 4k game poster art","/images/projects/10013.png"
proj_2,"角色设计","角色设计 Asset","Traditional Chinese immortal warrior in flowing white robes with cloud patterns, long black hair in topknot, wielding ornate jade sword, standing on mountain cliff, cherry blossoms floating, classic Chinese MMORPG art style, elegant and mystical","/images/projects/20001.png"
proj_2,"角色设计","角色设计 Asset","Beautiful female fox spirit in red and gold hanfu dress, nine fluffy tails visible, delicate fox ears, holding paper fan, surrounded by mystical pink petals, Chinese fantasy character design, romantic aesthetic","/images/projects/20002.png"
proj_2,"场景设计","场景设计 Asset","Ancient Chinese Chang'an city with grand palace buildings, red pillars and golden roofs, bustling streets with merchants and NPCs, traditional architecture, lanterns hanging, warm sunset lighting, Chinese MMORPG environment, historical aesthetic","/images/projects/20003.png"
proj_2,"场景设计","场景设计 Asset","Mystical peach blossom forest with twisted ancient trees, pink petals falling like snow, stone path winding through, hidden temple in distance, magical atmosphere, Chinese fantasy landscape, soft dreamy lighting","/images/projects/20004.png"
proj_2,"半身像","半身像 Asset","Portrait of handsome male immortal with refined features, long black hair flowing, jade crown and earrings, white robes with gold embroidery, gentle expression, Chinese MMORPG character portrait, soft lighting","/images/projects/20005.png"
proj_2,"立绘","立绘 Asset","Full body character illustration of monk in Buddhist robes holding staff, calm wise expression, prayer beads, standing pose, traditional Chinese art style, clean background, game character stand art","/images/projects/20006.png"
proj_2,"NPC生成","NPC生成 Asset","Elderly Chinese medicine shop owner with white beard, traditional scholar robes, standing behind counter with herb jars and scrolls, warm shop interior, friendly wise appearance, MMORPG NPC design","/images/projects/20007.png"
proj_2,"坐骑","坐骑 Asset","Celestial crane mount with pure white feathers, golden accents, flowing ribbons, gracefully flying through clouds, Chinese mythology inspired, elegant mount design, traditional aesthetic","/images/projects/20008.png"
proj_2,"怪兽","怪兽 Asset","Ancient demon king with tiger features, wearing broken armor, wielding massive cleaver, fierce expression, dark aura surrounding, Chinese mythology monster boss, intimidating design","/images/projects/20009.png"
proj_2,"美宣","美宣 Asset","Romantic promotional artwork showing couple in traditional Chinese clothing under peach blossom tree, soft pink color palette, dreamy atmosphere, petals floating, Chinese MMORPG key art, beautiful composition","/images/projects/20010.png"
proj_3,"角色设计","角色设计 Asset","Female space commander in sleek white and blue uniform, short silver hair, standing on bridge of battleship, holographic displays around, confident pose, realistic sci-fi character design, cinematic lighting","/images/projects/30001.png"
proj_3,"角色设计","角色设计 Asset","Cybernetic engineer in orange work suit with mechanical arms, visor displaying data, tool belt, standing in spacecraft hangar, industrial sci-fi aesthetic, detailed character design","/images/projects/30002.png"
proj_3,"场景设计","场景设计 Asset","Massive space station orbiting gas giant planet, modular structure with docking bays, solar panels reflecting starlight, fleet of ships nearby, hard sci-fi aesthetic, ultra detailed, realistic space environment","/images/projects/30003.png"
proj_3,"场景设计","场景设计 Asset","Asteroid mining operation with excavation equipment, industrial structures on rocky surface, distant stars and nebula visible, worker ships flying around, sci-fi industrial scene, detailed machinery","/images/projects/30004.png"
proj_3,"半身像","半身像 Asset","Portrait of veteran fleet admiral with grey hair, military uniform with medals, experienced stern expression, spacecraft bridge background blurred, realistic sci-fi character portrait, dramatic lighting","/images/projects/30005.png"
proj_3,"飞船设计","飞船设计 Asset","Massive battlecruiser warship with angular hull design, multiple weapon turrets, glowing blue engine thrusters, sleek grey and white plating, realistic hard sci-fi spacecraft, Lagrange game ship design, ultra detailed","/images/projects/30006.png"
proj_3,"飞船设计","飞船设计 Asset","Elegant civilian cruiser with streamlined white hull, large observation windows, gold accent stripes, peaceful exploration vessel, realistic sci-fi design, flying through asteroid field","/images/projects/30007.png"
proj_3,"飞船设计","飞船设计 Asset","Heavy carrier flagship with massive hangar bays, launching fighter squadrons, modular sections, industrial grey plating with red markings, imposing scale, realistic military spacecraft design","/images/projects/30008.png"
proj_3,"舰船礼装","舰船礼装 Asset","Battleship decorated with ceremonial golden panels and flowing banner decals, commemorative emblems on hull, special anniversary skin design, elegant and prestigious, Lagrange ship customization","/images/projects/30009.png"
proj_3,"舰船礼装","舰船礼装 Asset","Warship with aggressive skull motifs paint scheme, black and red color pattern, pirate-themed decals, intimidating appearance, special event skin, detailed hull textures","/images/projects/30010.png"
proj_3,"美宣","美宣 Asset","Epic space battle promotional art showing fleet engagement, multiple battleships firing, explosions, fighters dogfighting, planet in background, dramatic composition, realistic sci-fi game key visual, cinematic lighting","/images/projects/30011.png"
proj_4,"角色设计","角色设计 Asset","Tactical operator in modern military gear, black combat uniform with armor plates, night vision goggles raised, assault rifle equipped, standing in urban combat zone, realistic military FPS character design","/images/projects/40001.png"
proj_4,"场景设计","场景设计 Asset","Urban warfare environment with destroyed buildings, smoke rising from explosions, abandoned vehicles, debris scattered, dramatic sunset lighting, FPS game map design, modern military shooter aesthetic","/images/projects/40002.png"
proj_4,"半身像","半身像 Asset","Portrait of special forces soldier with tactical mask, combat helmet, determined eyes visible, military uniform, radio headset, realistic FPS character portrait, dramatic lighting","/images/projects/40003.png"
proj_4,"NPC生成","NPC生成 Asset","Military quartermaster NPC in uniform standing by weapon crates, friendly expression, holding tablet device, modern military base background, FPS game NPC design","/images/projects/40004.png"
proj_4,"枪械","枪械 Asset","A photograph of a battle-worn modern assault rifle resting against the crumbling wall of an abandoned concrete room. The rifle, based on an HK416, is fitted with a EOTECH holographic sight, a tactical flashlight, and a angled foregrip on its Picatinny rail. Its matte black finish shows extensive scratches, paint chipping, and dust, with subtle grease stains near the bolt release","/images/projects/40005.png"
proj_4,"怪兽","怪兽 Asset","Experimental military mech boss with heavy weapons, angular armor plates, glowing red sensors, massive scale, industrial military design, intimidating enemy design","/images/projects/40006.png"
proj_4,"美宣","美宣 Asset","Action-packed promotional poster showing squad of operators in dynamic combat poses, explosions and muzzle flashes, modern warfare theme, dramatic composition, FPS game key art style","/images/projects/40007.png"
proj_5,"赛车","赛车 Asset","Sleek hypercar racing vehicle with aerodynamic body, glossy red metallic paint, carbon fiber details, aggressive front splitter, LED headlights, studio photography lighting, ultra realistic 8k, motorsport game asset","/images/projects/50001.png"
proj_5,"赛车","赛车 Asset","Classic muscle car with matte black paint, flame decals on hood, wide rear tires, chrome exhaust pipes, American racing aesthetic, dramatic low angle shot, racing game vehicle","/images/projects/50002.png"
proj_5,"头盔","头盔 Asset","Professional racing helmet with aerodynamic design, metallic blue paint with racing stripes, tinted visor reflecting track, sponsor decals, studio product shot, ultra detailed","/images/projects/50003.png"
proj_5,"背景","背景 Asset","Modern racing circuit track at sunset, smooth asphalt with tire marks, colorful apex markers, grandstands in distance, dramatic sky, racing game environment, ultra realistic","/images/projects/50004.png"
proj_5,"背景","背景 Asset","Urban street racing scene at night, neon city lights reflecting on wet pavement, skyscrapers in background, speed blur effect, cyberpunk racing aesthetic","/images/projects/50005.png"
proj_5,"座椅","座椅 Asset","High-performance racing bucket seat with red leather upholstery, five-point harness straps, carbon fiber shell, FIA certified, motorsport interior detail, professional photo","/images/projects/50006.png"
proj_5,"角色","角色 Asset","Professional race car driver in racing suit, helmet under arm, confident pose, standing next to race car, modern racing uniform with sponsor logos, realistic character design","/images/projects/50007.png"
proj_5,"半身像","半身像 Asset","Portrait of intense race driver with helmet on, visor up revealing focused eyes, racing suit visible, dramatic lighting, racing game character portrait, ultra detailed","/images/projects/50008.png"
proj_5,"美宣","美宣 Asset","Dynamic promotional poster showing hypercar drifting around corner with tire smoke, motion blur, dramatic lighting, racing game logo, high energy composition, 4k key visual","/images/projects/50009.png"
proj_5,"赛道","赛道 Asset","Challenging mountain pass racing circuit with hairpin turns, elevation changes, safety barriers, scenic forest backdrop, professional track design, racing game level art","/images/projects/50010.png"
proj_6,"角色设计","角色设计 Asset","Ancient Chinese warlord general in ornate battle armor with dragon motifs, flowing red cape, wielding decorated halberd, fierce expression with mustache, Three Kingdoms historical style, detailed realistic rendering","/images/projects/60001.png"
proj_6,"场景设计","场景设计 Asset","Ancient Chinese battlefield with armies positioned, war banners flying, siege equipment, mountainous terrain, strategic warfare scene, historical Three Kingdoms aesthetic, epic scale","/images/projects/60002.png"
proj_6,"半身像","半身像 Asset","Portrait of stern Chinese general with grey beard, bronze helmet with plume, battle-worn armor, commanding presence, Three Kingdoms character portrait, realistic historical style","/images/projects/60003.png"
proj_6,"NPC生成","NPC生成 Asset","Ancient Chinese advisor in scholar robes holding scroll, elderly wise appearance, standing in palace court, historical strategy game NPC design","/images/projects/60004.png"
proj_6,"坐骑","坐骑 Asset","Powerful Chinese war horse in ornate armor plating, red tassels, fierce stance, historical military mount, Three Kingdoms aesthetic, detailed realistic rendering","/images/projects/60005.png"
proj_6,"怪兽","怪兽 Asset","Legendary Chinese beast Qilin with dragon scales, deer antlers, flames surrounding hooves, mythological creature boss design, traditional Chinese art style","/images/projects/60006.png"
proj_6,"美宣","美宣 Asset","Epic promotional artwork showing famous Three Kingdoms generals in battle formation, historical Chinese warfare, dramatic composition, strategy game key visual","/images/projects/60007.png"
proj_7,"角色设计","角色设计 Asset","Gothic Victorian survivor character with tattered dress, pale skin, haunted expression, holding lantern, standing in foggy manor grounds, asymmetrical horror game art style, dark atmospheric","/images/projects/70001.png"
proj_7,"角色设计","角色设计 Asset","Terrifying hunter character with stitched mask, long coat, wielding saw weapon, menacing pose, foggy background, Identity V hunter design, horror game aesthetic","/images/projects/70002.png"
proj_7,"场景设计","场景设计 Asset","Abandoned Victorian manor interior with peeling wallpaper, broken furniture, cobwebs, moonlight through cracked windows, oppressive atmosphere, asymmetrical horror game map, gothic aesthetic","/images/projects/70003.png"
proj_7,"半身像","半身像 Asset","Portrait of pale Victorian lady survivor with dark circles under eyes, disheveled hair, white nightgown, frightened expression, horror game character portrait, dramatic shadows","/images/projects/70004.png"
proj_7,"NPC生成","NPC生成 Asset","Mysterious manor butler NPC with formal attire, unsettling smile, standing in dimly lit hallway, horror game character design, gothic aesthetic","/images/projects/70005.png"
proj_7,"怪兽","怪兽 Asset","Grotesque twisted creature with multiple eyes, elongated limbs, lurking in shadows, horror game monster design, Identity V aesthetic, nightmare fuel","/images/projects/70006.png"
proj_7,"怪兽","怪兽 Asset","Grotesque twisted creature with multiple eyes, elongated limbs, lurking in shadows, horror game monster design, Identity V aesthetic, nightmare fuel","/images/projects/70007.png"
proj_7,"美宣","美宣 Asset","Atmospheric promotional art showing survivors fleeing from hunter in foggy manor grounds, gothic horror aesthetic, dramatic composition, Identity V key visual style","/images/projects/70008.png"
proj_8,"角色设计","角色设计 Asset","Cute egg-shaped character with big eyes, colorful costume accessories, happy expression, round chubby body, standing in playful pose, kawaii cartoon style, vibrant colors, party game character design","/images/projects/80001.png"
proj_8,"场景设计","场景设计 Asset","Colorful obstacle course level with bouncing platforms, giant candy decorations, rainbow slides, playful cartoon aesthetic, party game map design, bright cheerful atmosphere","/images/projects/80002.png"
proj_8,"半身像","半身像 Asset","Portrait of egg character with cute face, wearing party hat, big sparkling eyes, pastel colors, kawaii style, Eggy Party character portrait","/images/projects/80003.png"
proj_8,"NPC生成","NPC生成 Asset","Friendly egg NPC host character with microphone, wearing bow tie, welcoming gesture, colorful background, party game mascot design","/images/projects/80004.png"
proj_8,"NPC生成","NPC生成 Asset","Friendly egg NPC host character with skirt, welcoming gesture, colorful background, party game mascot design","/images/projects/80005.png"
proj_8,"美宣","美宣 Asset","Vibrant promotional artwork with multiple egg characters playing together, colorful confetti, party atmosphere, cheerful composition, Eggy Party key visual, kawaii style","/images/projects/80006.png"
proj_8,"美宣","美宣 Asset","Vibrant promotional artwork with multiple egg characters playing together, colorful confetti, party atmosphere, cheerful composition, Eggy Party key visual, kawaii style","/images/projects/80007.png"
proj_9,"角色设计","角色设计 Asset","Elegant Chinese wuxia swordsman in flowing traditional robes, long hair tied back, wielding jian sword, standing on roof under moonlight, martial arts action game style, cinematic atmosphere","/images/projects/90001.png"
proj_9,"场景设计","场景设计 Asset","Ancient Chinese city rooftops at night, traditional architecture with curved roofs, paper lanterns glowing, misty atmosphere, wuxia game environment, cinematic lighting","/images/projects/90002.png"
proj_9,"半身像","半身像 Asset","Portrait of mysterious masked martial artist, traditional Chinese clothing, piercing eyes visible, wuxia character portrait, dramatic lighting","/images/projects/90003.png"
proj_9,"NPC生成","NPC生成 Asset","Old Chinese martial arts master NPC with white beard, traditional robes, wise expression, standing in dojo, wuxia game character","/images/projects/90004.png"
proj_9,"坐骑","坐骑 Asset","Swift black horse with flowing mane, traditional Chinese saddle and decorations, galloping through bamboo forest, wuxia mount design","/images/projects/90005.png"
proj_9,"怪兽","怪兽 Asset","Corrupted martial arts master boss with dark aura, twisted fighting stance, demonic features, wuxia game antagonist design, menacing presence","/images/projects/90006.png"
proj_9,"美宣","美宣 Asset","Cinematic wuxia promotional art showing multiple martial artists in dynamic combat poses, traditional Chinese architecture, moonlit night, action game key visual","/images/projects/90007.png"
proj_10,"角色设计","角色设计 Asset","Beautiful Japanese onmyoji character in elegant kimono with mystical patterns, long flowing hair, holding paper talisman, surrounded by glowing spirit orbs, anime art style, detailed and ethereal","/images/projects/100001.png"
proj_10,"角色设计","角色设计 Asset","Elegant kitsune fox spirit girl with multiple tails, shrine maiden outfit, fox ears, casting spell with glowing energy, cherry blossoms floating, Japanese fantasy anime style","/images/projects/100002.png"
proj_10,"场景设计","场景设计 Asset","Mystical Japanese shrine at twilight, red torii gates leading up stone steps, paper lanterns illuminating path, spirit wisps floating, cherry blossoms, atmospheric anime game environment","/images/projects/100003.png"
proj_10,"半身像","半身像 Asset","Portrait of elegant Japanese demon lord with white hair, red markings on face, golden eyes, ornate kimono, anime character portrait, Onmyoji style, regal and mysterious","/images/projects/100004.png"
proj_10,"NPC生成","NPC生成 Asset","Friendly Japanese merchant NPC in traditional clothing, standing by shop stall with mystical items, warm lighting, anime game character design","/images/projects/100005.png"
proj_10,"NPC生成","NPC生成 Asset","Friendly Japanese merchant NPC in traditional clothing, standing by shop stall with mystical items, warm lighting, anime game character design","/images/projects/100006.png"
proj_10,"怪兽","怪兽 Asset","Terrifying oni demon boss with red skin, massive horns, wielding iron club, fierce expression, Japanese folklore monster design, intimidating scale","/images/projects/100007.png"
proj_10,"美宣","美宣 Asset","Beautiful promotional artwork showing onmyoji and spirit companions under cherry blossom tree, magical atmosphere, Japanese fantasy aesthetic, Onmyoji key visual style","/images/projects/100008.png"
proj_11,"角色设计","角色设计 Asset","Cute chibi monk character in orange Buddhist robes, holding staff, big expressive eyes, Journey to the West inspired, colorful cartoon MMORPG art style, friendly appearance","/images/projects/110001.png"
proj_11,"角色设计","角色设计 Asset","Adorable female dancer character in flowing silk dress with ribbons, elegant pose, traditional Chinese styling, cute cartoon aesthetic, vibrant colors, Fantasy Westward Journey art","/images/projects/110002.png"
proj_11,"场景设计","场景设计 Asset","Fantastical Chinese heaven realm with floating cloud palaces, golden pillars, celestial gardens, rainbow bridges, cute cartoon art style, bright cheerful colors, MMORPG environment","/images/projects/110003.png"
proj_11,"半身像","半身像 Asset","Portrait of cute chibi immortal character with friendly smile, traditional Chinese clothing, soft pastel colors, Fantasy Westward Journey character portrait, kawaii style","/images/projects/110004.png"
proj_11,"立绘","立绘 Asset","Full body character stand art of monkey king in golden armor, holding staff, heroic pose, Journey to the West character, cartoon MMORPG style, clean background","/images/projects/110005.png"
proj_11,"NPC生成","NPC生成 Asset","Friendly shopkeeper NPC in traditional Chinese merchant outfit, welcoming gesture, standing by colorful stall, cute cartoon style, Fantasy Westward Journey design","/images/projects/110006.png"
proj_11,"坐骑","坐骑 Asset","Cute flying cloud mount with rainbow colors, soft fluffy appearance, cartoon style, Fantasy Westward Journey vehicle design, whimsical and adorable","/images/projects/110007.png"
proj_11,"怪兽","怪兽 Asset","Friendly-looking demon monster with colorful design, not too scary, cartoon MMORPG enemy, cute monster aesthetic, Fantasy Westward Journey style","/images/projects/110008.png"
proj_11,"美宣","美宣 Asset","Cheerful promotional artwork showing party of diverse characters adventuring together, cute cartoon style, vibrant colors, Fantasy Westward Journey key visual, happy atmosphere","/images/projects/110009.png"
proj_12,"角色设计","角色设计 Asset","Iron Man in mark 85 armor suit, repulsors glowing blue, dynamic flight pose, detailed mechanical texture, cinematic superhero design, Marvel game character art, photorealistic style","/images/projects/120001.png"
proj_12,"角色设计","角色设计 Asset","Spider-Man in classic red and blue suit, web-slinging action pose, dynamic movement, detailed fabric texture, Marvel Rivals character design, comic book style meets realistic","/images/projects/120002.png"
proj_12,"场景设计","场景设计 Asset","Futuristic New York City battlefield with destroyed buildings, superhero battle damage, flying debris, dramatic lighting, Marvel game environment, cinematic urban warfare scene","/images/projects/120003.png"
proj_12,"半身像","半身像 Asset","Portrait of Captain America with determined expression, shield visible, star emblem prominent, heroic lighting, Marvel character portrait, photorealistic style","/images/projects/120004.png"
proj_12,"NPC生成","NPC生成 Asset","S.H.I.E.L.D. agent NPC in tactical gear, professional appearance, standing in helicarrier interior, Marvel universe character, realistic game design","/images/projects/120005.png"
proj_12,"NPC生成","NPC生成 Asset","S.H.I.E.L.D. agent NPC in tactical gear, professional appearance, standing in helicarrier interior, Marvel universe character, realistic game design","/images/projects/120006.png"
proj_12,"怪兽","怪兽 Asset","Massive Chitauri leviathan creature with armored plates, flying through sky, alien technology integrated, intimidating scale, Marvel alien monster design","/images/projects/120007.png"
proj_12,"美宣","美宣 Asset","Epic Marvel Rivals promotional poster with multiple heroes in action poses, explosive battle scene, dramatic composition, cinematic lighting, AAA game key art style","/images/projects/120008.png"
proj_13,"角色设计","角色设计 Asset","Young wizard student in Hogwarts robes with house colors, holding wand casting spell with glowing magic, British school uniform underneath, realistic Harry Potter game character design, magical atmosphere","/images/projects/130001.png"
proj_13,"场景设计","场景设计 Asset","Grand Hogwarts castle interior with moving staircases, floating candles, house banners hanging, gothic architecture, magical atmosphere, Harry Potter game environment, detailed and atmospheric","/images/projects/130002.png"
proj_13,"半身像","半身像 Asset","Portrait of wizarding professor in traditional robes, wise expression, wand visible, Hogwarts office background, Harry Potter character portrait, realistic style","/images/projects/130003.png"
proj_13,"NPC生成","NPC生成 Asset","Friendly shopkeeper NPC at Diagon Alley standing behind counter with magical items, wizard robes, welcoming expression, Harry Potter game character","/images/projects/130004.png"
proj_13,"NPC生成","NPC生成 Asset","Friendly shopkeeper NPC at Diagon Alley standing behind counter with magical items, wizard robes, welcoming expression, Harry Potter game character","/images/projects/130005.png"
proj_13,"怪兽","怪兽 Asset","Terrifying dementor floating with tattered robes, dark oppressive aura, skeletal hands reaching out, Harry Potter creature design, horror aesthetic","/images/projects/130006.png"
proj_13,"美宣","美宣 Asset","Magical promotional artwork showing young wizards casting spells together, Hogwarts castle in background, dramatic magical effects, Harry Potter game key visual, cinematic composition","/images/projects/130007.png"
proj_14,"角色设计","角色设计 Asset","Cute chibi adventurer character with big eyes, colorful fantasy outfit, holding staff, friendly smile, kawaii cartoon style, mobile game character design, bright colors","/images/projects/140001.png"
proj_14,"场景设计","场景设计 Asset","Whimsical fantasy forest with giant mushrooms, glowing plants, cute creature homes, vibrant colors, magical atmosphere, mobile adventure game environment, cartoon style","/images/projects/140002.png"
proj_14,"半身像","半身像 Asset","Portrait of cute pet trainer character with friendly expression, colorful outfit, chibi proportions, mobile game character portrait, kawaii style","/images/projects/140003.png"
proj_14,"NPC生成","NPC生成 Asset","Friendly village elder NPC with wise expression, colorful robes, standing in fantasy town, cute cartoon style, mobile game character","/images/projects/140004.png"
proj_14,"坐骑","坐骑 Asset","Adorable fantasy creature mount with fluffy fur, big eyes, colorful markings, cute design, mobile game pet aesthetic, kawaii style","/images/projects/140005.png"
proj_14,"怪兽","怪兽 Asset","Cute monster with slightly mischievous look, colorful design, not scary, mobile game enemy aesthetic, friendly-looking creature","/images/projects/140006.png"
proj_14,"美宣","美宣 Asset","Cheerful promotional art showing adventurer with pet creatures, fantasy landscape, vibrant colors, mobile game key visual, cute and inviting","/images/projects/140007.png"
proj_15,"角色设计","璃月角色设计","Anime style character design, traditional Chinese clothing with modern elements, flowing fabric, elegant pose, soft lighting, vibrant colors, Genshin Impact art style","/images/projects/150001.png"
proj_15,"角色设计","角色设计 Asset","Elegant anime girl with flowing white hair, golden ornate accessories, intricate traditional Chinese qipao dress with cloud patterns, wielding glowing geo element crystalline sword, cherry blossoms floating around, soft lighting, Genshin Impact art style, highly detailed","/images/projects/150002.png"
proj_15,"角色设计","角色设计 Asset","Young male mage with cyan hair, adventurer outfit with elemental vision gem, wind anemo swirls surrounding him, dynamic action pose mid-flight, fantasy medieval town background, vibrant colors, anime game character design, cel-shaded style","/images/projects/150003.png"
proj_15,"角色设计","角色设计 Asset","Electro archon goddess in elegant purple kimono armor, long braided lavender hair, glowing electric aura, katana sheathed at side, standing in Japanese shrine garden, sakura petals floating, divine presence, Genshin character art, ethereal lighting","/images/projects/150004.png"
proj_15,"场景设计","璃月港景观","Ancient Chinese harbor city, floating islands, traditional architecture, golden sunset, beautiful landscape, fantasy environment, anime art style, highly detailed","/images/projects/150005.png"
proj_15,"场景设计","场景设计 Asset","Fantasy Chinese harbor city Liyue with towering pagoda buildings, red lanterns illuminating streets at dusk, stone bridges over canals, merchant stalls with colorful goods, mountains in distance, warm golden hour lighting, Genshin Impact environment art, vibrant colors","/images/projects/150006.png"
proj_15,"场景设计","场景设计 Asset","Mystical bamboo forest with glowing blue spirit wisps floating, ancient stone ruins overgrown with vines, moonlight filtering through canopy, small shrine with offerings, peaceful serene atmosphere, anime game environment, detailed foliage","/images/projects/150007.png"
proj_15,"场景设计","场景设计 Asset","Mondstadt city of freedom with medieval European architecture, windmills on rolling green hills, colorful flower fields, massive cathedral in center, blue sky with fluffy clouds, children playing, vibrant cheerful atmosphere, Genshin fantasy city","/images/projects/150008.png"
proj_15,"半身像","半身像 Asset","Portrait of elegant cryo character with ice-blue hair and silver circlet, piercing blue eyes, porcelain skin, ornate white and silver outfit with snowflake patterns, gentle smile, soft lighting, anime portrait style, Genshin character art","/images/projects/150009.png"
proj_15,"NPC生成","NPC生成 Asset","Friendly weapon shop owner NPC with leather apron, rolled up sleeves, welcoming smile, standing behind counter full of swords and shields, cozy shop interior with warm lighting, anime game NPC design, approachable character","/images/projects/150010.png"
proj_15,"NPC生成","NPC生成 Asset","Friendly weapon shop owner NPC with leather apron, rolled up sleeves, welcoming smile, standing behind counter full of swords and shields, cozy shop interior with warm lighting, anime game NPC design, approachable character","/images/projects/150011.png"
proj_15,"怪兽","怪兽 Asset","Large hilichurl berserker with wooden mask, muscular build, wielding massive wooden club with elemental infusions, fur covering body, aggressive stance, anime monster design, Genshin Impact enemy, detailed textures","/images/projects/150012.png"
proj_15,"美宣","美宣 Asset","Vibrant promotional artwork showing five diverse characters standing heroically, elemental effects swirling around them, fantasy city backdrop with glowing lights, starry night sky, anime game key visual, cinematic composition, Genshin Impact official art style","/images/projects/150013.png"
proj_16,"角色设计","英雄角色设计","Chinese mythology hero character, ornate traditional armor with modern design, wielding legendary weapon, dynamic action pose, MOBA game art style, vibrant colors","/images/projects/160001.png"
proj_16,"角色设计","角色设计 Asset","Chinese mythology warrior Lu Bu in ornate red and gold armor, fierce expression, wielding golden halberd, flowing red cape and plume, standing in heroic pose, dramatic lighting, MOBA game character design, high detail, Honor of Kings art style","/images/projects/160002.png"
proj_16,"角色设计","角色设计 Asset","Elegant female mage in flowing white robes with phoenix embroidery, long black hair with golden hairpin, holding mystical fan weapon, cherry blossoms swirling around, ancient Chinese aesthetic, MOBA character splash art, vibrant colors","/images/projects/160003.png"
proj_16,"角色设计","角色设计 Asset","Cyber ninja assassin with sleek black armor, glowing blue circuit patterns, dual energy daggers, dynamic action pose mid-dash, sci-fi urban background, Honor of Kings futuristic skin design, neon lighting","/images/projects/160004.png"
proj_16,"场景设计","场景设计 Asset","Ancient Chinese battlefield with armies clashing, towering city walls, imperial palace in background, war banners flying, dramatic clouds, epic scale MOBA game map, Chinese historical warfare aesthetic, detailed architecture","/images/projects/160005.png"
proj_16,"场景设计","场景设计 Asset","Mystical oriental garden with koi pond, red bridge arching over water, blooming plum blossom trees, stone lanterns, misty atmosphere, traditional Chinese landscape, Honor of Kings environment art, serene beauty","/images/projects/160006.png"
proj_16,"半身像","半身像 Asset","Portrait of noble Chinese general with stern expression, thick black beard, golden crown with jade ornaments, red and gold royal armor, commanding presence, MOBA character portrait, Honor of Kings style, regal lighting","/images/projects/160007.png"
proj_16,"怪兽","怪兽 Asset","Tyrant jungle monster with massive muscular body, purple skin, glowing eyes, armored shell back, standing in river gorge, intimidating boss creature, MOBA game monster design, detailed textures","/images/projects/160008.png"
proj_16,"怪兽","怪兽 Asset","Tyrant jungle monster with massive muscular body, purple skin, glowing eyes, armored shell back, standing in river gorge, intimidating boss creature, MOBA game monster design, detailed textures","/images/projects/160009.png"
proj_16,"怪兽","怪兽 Asset","Tyrant jungle monster with massive muscular body, purple skin, glowing eyes, armored shell back, standing in river gorge, intimidating boss creature, MOBA game monster design, detailed textures","/images/projects/160010.png"
proj_16,"美宣","美宣 Asset","Epic promotional poster with five heroes in dynamic battle poses, Chinese mythology theme, golden and red color scheme, dragon motifs in background, cinematic lighting, MOBA game key art, Honor of Kings official style","/images/projects/160011.png"
proj_17,"角色设计","角色设计 Asset","Sci-fi anime girl conductor in elegant white and gold uniform, long silver hair, holding futuristic staff, standing on space train platform, stars visible through windows, Honkai Star Rail art style, detailed character design, cel-shaded","/images/projects/170001.png"
proj_17,"角色设计","角色设计 Asset","Cool male character in black and red tactical coat, white hair, cyberpunk accessories, wielding energy lance, standing in futuristic city street, neon signs reflecting on wet ground, Star Rail character splash art, dynamic pose","/images/projects/170002.png"
proj_17,"角色设计","角色设计 Asset","Elegant quantum element girl with purple gradient hair, ornate star-pattern dress, wielding crystalline orb, floating in cosmic void with nebula background, ethereal glowing effects, Honkai anime style, highly detailed","/images/projects/170003.png"
proj_17,"场景设计","场景设计 Asset","Interior of futuristic space train Astral Express, luxurious observation car with floor-to-ceiling windows showing galaxies, red velvet seats, brass fixtures, art deco meets sci-fi aesthetic, warm ambient lighting, detailed environment art","/images/projects/170004.png"
proj_17,"场景设计","场景设计 Asset","Alien planet city with floating platforms, bioluminescent plants, crystalline towers reaching sky, twin moons overhead, diverse alien architecture, bustling marketplace with various species, Honkai Star Rail world design, vibrant sci-fi","/images/projects/170005.png"
proj_17,"场景设计","场景设计 Asset","Cyberpunk metropolis Belobog under eternal winter, towering buildings covered in snow, neon advertisements glowing, mechanical structures, industrial aesthetic mixed with Russian architecture, cold blue lighting, post-apocalyptic beauty","/images/projects/170006.png"
proj_17,"头像","头像 Asset","Portrait of stoic male general with eyepatch, white military uniform with gold accents, stern expression, short platinum hair, cybernetic enhancements visible, sci-fi character portrait, Honkai Star Rail style, dramatic lighting","/images/projects/170007.png"
proj_17,"NPC生成","NPC生成 Asset","Robot shopkeeper NPC with retro-futuristic design, chrome body, glowing blue eyes, bow tie, standing behind counter in space station shop, friendly appearance, sci-fi game NPC, Star Rail aesthetic","/images/projects/170008.png"
proj_17,"坐骑","坐骑 Asset","Sleek hover vehicle with streamlined design, glowing cyan energy trails, chrome and white panels, floating above ground, futuristic transportation, sci-fi racing aesthetic, Honkai universe vehicle design","/images/projects/170009.png"
proj_17,"美宣","美宣 Asset","Cinematic key visual with train Astral Express speeding through starfield, main characters posed heroically on platform, cosmic background with colorful nebulas, dynamic composition, Honkai Star Rail official art, anime game poster style","/images/projects/170010.png"
proj_17,"美宣","美宣 Asset","Cinematic key visual with train Astral Express speeding through starfield, main characters posed heroically on platform, cosmic background with colorful nebulas, dynamic composition, Honkai Star Rail official art, anime game poster style","/images/projects/170011.png"
proj_18,"角色设计","角色设计 Asset","Modern military special operations soldier in full tactical gear, plate carrier armor, night vision goggles, assault rifle with attachments, realistic military FPS character design, gritty and detailed","/images/projects/180001.png"
proj_18,"场景设计","场景设计 Asset","Middle Eastern urban combat zone with damaged buildings, military vehicles, sandstorm in distance, realistic war-torn environment, FPS game map, modern warfare aesthetic","/images/projects/180002.png"
proj_18,"头像","头像 Asset","Portrait of elite operator with tactical mask and helmet, tactical goggles, determined eyes, military FPS character portrait, realistic rendering","/images/projects/180003.png"
proj_18,"NPC生成","NPC生成 Asset","Military commander NPC in combat uniform, radio headset, pointing at tactical map, realistic FPS game character, command center background","/images/projects/180004.png"
proj_18,"载具","载具 Asset","Military attack helicopter with weapons payload, camouflage paint, realistic military vehicle design, modern warfare aesthetic","/images/projects/180005.png"
proj_18,"怪兽","怪兽 Asset","Heavily armored enemy tank boss with advanced weapon systems, intimidating scale, realistic military vehicle, FPS game boss design","/images/projects/180006.png"
proj_18,"美宣","美宣 Asset","Intense military action promotional poster with special ops team in combat, explosions, dramatic lighting, modern warfare theme, Delta Force game key art","/images/projects/180007.png"
proj_19,"赛车","赛车 Asset","Aggressive sports car with wide body kit, neon underglow, custom paint job with decals, tuner culture aesthetic, street racing style, Need for Speed vehicle customization","/images/projects/190001.png"
proj_19,"赛车","赛车 Asset","Police interceptor cruiser with light bar, aggressive front bumper, matte black and white livery, pursuit vehicle design, realistic cop car","/images/projects/190002.png"
proj_19,"头盔","头盔 Asset","Street racing helmet with vibrant graffiti-style paint, tinted visor, urban aesthetic, custom design, racing gear","/images/projects/190003.png"
proj_19,"背景","背景 Asset","Night city street racing scene with neon signs, crowds watching, skyscrapers, wet asphalt reflecting lights, urban racing atmosphere, Need for Speed aesthetic","/images/projects/190004.png"
proj_19,"背景","背景 Asset","Industrial port area with shipping containers, cranes, nighttime setting, underground racing meet location, gritty urban environment","/images/projects/190005.png"
proj_19,"座椅","座椅 Asset","Custom racing seat with colorful fabric, harness straps, tuner style interior modification, street racing aesthetic, detailed upholstery","/images/projects/190006.png"
proj_19,"角色","角色 Asset","Street racer character in urban streetwear, leather jacket, confident pose leaning against car, nighttime city background, Need for Speed character design","/images/projects/190007.png"
proj_19,"半身像","半身像 Asset","Portrait of rival racer with intense expression, stylish urban clothing, city lights in background, street racing game character portrait","/images/projects/190008.png"
proj_19,"美宣","美宣 Asset","Dynamic promotional poster with customized car launching off ramp, police chase, city skyline, neon colors, high energy, Need for Speed Mobile key art","/images/projects/190009.png"
proj_19,"赛道","赛道 Asset","Urban street racing circuit through downtown at night, tight corners, jumps, neon signs, street racing track design, Need for Speed style","/images/projects/190010.png"
proj_20,"角色设计","角色设计 Asset","Modern military soldier in tactical combat uniform, ballistic vest, carrying assault rifle, realistic military shooter character design, PUBG Mobile art style","/images/projects/200001.png"
proj_20,"场景设计","场景设计 Asset","Abandoned urban battleground with destroyed buildings, military equipment scattered, battle royale game map, realistic modern warfare environment","/images/projects/200002.png"
proj_20,"半身像","半身像 Asset","Portrait of elite squad member with combat helmet, tactical sunglasses, serious expression, military shooter character portrait, realistic style","/images/projects/200003.png"
proj_20,"NPC生成","NPC生成 Asset","Supply drop pilot NPC in flight suit, standing by military aircraft, realistic battle royale game character, professional appearance","/images/projects/200004.png"
proj_20,"载具","载具 Asset","Military off-road vehicle with armor plating, mounted gun, camouflage pattern, battle royale game vehicle, rugged design","/images/projects/200005.png"
proj_20,"怪兽","怪兽 Asset","Heavy armored mech boss enemy with missile launchers, military sci-fi design, intimidating scale, battle royale event boss","/images/projects/200006.png"
proj_20,"美宣","美宣 Asset","Action-packed promotional artwork showing squad landing from plane, parachutes deployed, island map below, battle royale theme, PUBG Mobile style","/images/projects/200007.png"
proj_21,"角色设计","角色设计 Asset","Stylish urban anime character in streetwear outfit, holding futuristic weapon, dynamic action pose, neon city background, Zenless Zone Zero art style, detailed character design","/images/projects/210001.png"
proj_21,"角色设计","角色设计 Asset","Cool female agent in tactical street fashion, mechanical cat companion, vibrant colors, cyberpunk aesthetic, ZZZ character splash art, anime style","/images/projects/210002.png"
proj_21,"场景设计","场景设计 Asset","Cyberpunk street with neon signs, vending machines, urban decay mixed with advanced technology, anime game environment, Zenless Zone Zero aesthetic, vibrant nighttime scene","/images/projects/210003.png"
proj_21,"半身像","半身像 Asset","Portrait of mysterious character with headphones, stylish hair, urban fashion, neon lighting, anime character portrait, ZZZ style","/images/projects/210004.png"
proj_21,"NPC生成","NPC生成 Asset","Friendly ramen shop owner NPC in apron, standing behind counter, cyberpunk shop interior, anime game character, warm lighting","/images/projects/210005.png"
proj_21,"怪兽","怪兽 Asset","Ethereal corrupted entity with glitch effects, digital distortion, otherworldly appearance, ZZZ enemy design, anime aesthetic with horror elements","/images/projects/210006.png"
proj_21,"怪兽","怪兽 Asset","Ethereal corrupted entity with glitch effects, digital distortion, otherworldly appearance, ZZZ enemy design, anime aesthetic with horror elements","/images/projects/210007.png"
proj_21,"美宣","美宣 Asset","Dynamic promotional artwork showing multiple characters in action poses, vibrant neon city background, cyberpunk anime style, Zenless Zone Zero key visual","/images/projects/210008.png"
proj_22,"角色设计","角色设计 Asset","Survivor character in heavy winter gear, fur-lined parka, snow goggles, carrying backpack and ice axe, post-apocalyptic winter aesthetic, realistic survival game design","/images/projects/220001.png"
proj_22,"场景设计","场景设计 Asset","Frozen post-apocalyptic cityscape covered in snow and ice, abandoned buildings, blizzard conditions, harsh winter environment, survival game map, bleak atmosphere","/images/projects/220002.png"
proj_22,"半身像","半身像 Asset","Portrait of weathered survivor with frost on beard, winter mask pulled down, determined expression, cold harsh lighting, survival game character portrait","/images/projects/220003.png"
proj_22,"NPC生成","NPC生成 Asset","Shelter trader NPC in layered winter clothing, standing by supply crates, indoor bunker setting, survival game character, practical appearance","/images/projects/220004.png"
proj_22,"怪兽","怪兽 Asset","Massive mutated polar bear with frost-covered fur, glowing eyes, aggressive stance, post-apocalyptic creature design, intimidating winter predator","/images/projects/220005.png"
proj_22,"怪兽","怪兽 Asset","Massive mutated polar bear with frost-covered fur, glowing eyes, aggressive stance, post-apocalyptic creature design, intimidating winter predator","/images/projects/220006.png"
proj_22,"美宣","美宣 Asset","Atmospheric promotional art showing survivors trekking through blizzard, frozen city ruins in background, harsh winter theme, survival game key visual","/images/projects/220007.png"
