category,id,name,en,prompt,image_path,is_featured
"建筑",cat1_item1,"古典建筑","Classical Architecture","Classical Architecture","/images/themes/architecture/古典建筑_Classical Architecture.png",true
"建筑",cat1_item2,"哥特建筑","Gothic Architecture","Gothic Architecture","/images/themes/architecture/哥特建筑_Gothic Architecture.png",true
"建筑",cat1_item3,"文艺复兴建筑","Renaissance Architecture","Renaissance Architecture","/images/themes/architecture/文艺复兴建筑_Renaissance Architecture.png",true
"建筑",cat1_item4,"巴洛克建筑","Baroque Architecture","Baroque Architecture","/images/themes/architecture/巴洛克建筑_Baroque Architecture.png",true
"建筑",cat1_item5,"洛可可建筑","Rococo Architecture","Rococo Architecture","/images/themes/architecture/洛可可建筑_Rococo Architecture.png",
"建筑",cat1_item6,"现代主义","Modernism","Modernism","/images/themes/architecture/现代主义_Modernism.png",
"建筑",cat1_item7,"粗野主义","Brutalism","Brutalism","/images/themes/architecture/粗野主义_Brutalism.png",
"建筑",cat1_item8,"后现代","Postmodern","Postmodern","/images/themes/architecture/后现代_Postmodern.png",
"建筑",cat1_item9,"参数化","Parametric","Parametric","/images/themes/architecture/参数化_Parametric.png",
"建筑",cat1_item10,"中式传统","Traditional Chinese Architecture","Traditional Chinese Architecture","/images/themes/architecture/中式传统_Traditional Chinese Architecture.png",
"建筑",cat1_item11,"日式枯山水","Japanese Zen Garden","Japanese Zen Garden","/images/themes/architecture/日式枯山水_Japanese Zen Garden.png",
"建筑",cat1_item12,"包豪斯建筑","Bauhaus Architecture","Bauhaus Architecture","/images/themes/architecture/包豪斯建筑_Bauhaus Architecture.png",
"建筑",cat1_item13,"国际主义","International Style","International Style","/images/themes/architecture/国际主义_International Style.png",
"建筑",cat1_item14,"高技派","High-Tech Architecture","High-Tech Architecture","/images/themes/architecture/高技派_High-Tech Architecture.png",
"建筑",cat1_item15,"解构主义","Deconstructivism","Deconstructivism","/images/themes/architecture/解构主义_Deconstructivism.png",
"建筑",cat1_item16,"有机建筑","Organic Architecture","Organic Architecture","/images/themes/architecture/有机建筑_Organic Architecture.png",
"建筑",cat1_item17,"未来主义建筑","Futurist Architecture","Futurist Architecture","/images/themes/architecture/未来主义建筑_Futurist Architecture.png",
"建筑",cat1_item18,"生态建筑","Sustainable Architecture","Sustainable Architecture","/images/themes/architecture/生态建筑_Sustainable Architecture.png",
"建筑",cat1_item19,"极简住宅","Minimalist House","Minimalist House","/images/themes/architecture/极简住宅_Minimalist House.png",
"建筑",cat1_item20,"玻璃幕墙","Glass Curtain Wall","Glass Curtain Wall","/images/themes/architecture/玻璃幕墙_Glass Curtain Wall.png",
"建筑",cat1_item21,"混凝土美学","Concrete Aesthetic","Concrete Aesthetic","/images/themes/architecture/混凝土美学_Concrete Aesthetic.png",
"建筑",cat1_item22,"城市天际线","City Skyline","City Skyline","/images/themes/architecture/城市天际线_City Skyline.png",
"建筑",cat1_item23,"概念建筑","Conceptual Architecture","Conceptual Architecture","/images/themes/architecture/概念建筑_Conceptual Architecture.png",
"建筑",cat1_item24,"科幻建筑","Sci-fi Architecture","Sci-fi Architecture","/images/themes/architecture/科幻建筑_Sci-fi Architecture.png",
"建筑",cat1_item25,"废墟美学","Ruins Aesthetic","Ruins Aesthetic","/images/themes/architecture/废墟美学_Ruins Aesthetic.png",
"建筑",cat1_item26,"地下建筑","Underground Structure","Underground Structure","/images/themes/architecture/地下建筑_Underground Structure.png",
"建筑",cat1_item27,"空中花园","Sky Garden","Sky Garden","/images/themes/architecture/空中花园_Sky Garden.png",
"建筑",cat1_item28,"模块化建筑","Modular Architecture","Modular Architecture","/images/themes/architecture/模块化建筑_Modular Architecture.png",
"建筑",cat1_item29,"未来城市","Future City","Future City","/images/themes/architecture/未来城市_Future City.png",
"建筑",cat1_item30,"赛博都市","Cyber City","Cyber City","/images/themes/architecture/赛博都市_Cyber City.png",
"建筑",cat1_item31,"垂直城市","Vertical City","Vertical City","/images/themes/architecture/垂直城市_Vertical City.png",
"建筑",cat1_item32,"水下建筑","Underwater Architecture","Underwater Architecture","/images/themes/architecture/水下建筑_Underwater Architecture.png",
"建筑",cat1_item33,"火星基地","Mars Habitat","Mars Habitat","/images/themes/architecture/火星基地_Mars Habitat.png",
"传统绘画",cat2_item1,"文艺复兴","Renaissance","Renaissance","/images/themes/traditional_painting/文艺复兴_Renaissance.png",true
"传统绘画",cat2_item2,"巴洛克","Baroque","Baroque","/images/themes/traditional_painting/巴洛克_Baroque.png",true
"传统绘画",cat2_item3,"洛可可","Rococo","Rococo","/images/themes/traditional_painting/洛可可_Rococo.png",true
"传统绘画",cat2_item4,"浪漫主义","Romanticism","Romanticism","/images/themes/traditional_painting/浪漫主义_Romanticism.png",true
"传统绘画",cat2_item5,"印象派","Impressionism","Impressionism","/images/themes/traditional_painting/印象派_Impressionism.png",
"传统绘画",cat2_item6,"后印象派","Post-impressionism","Post-impressionism","/images/themes/traditional_painting/后印象派_Post-impressionism.png",
"传统绘画",cat2_item7,"超现实主义","Surrealism","Surrealism","/images/themes/traditional_painting/超现实主义_Surrealism.png",
"传统绘画",cat2_item8,"新古典主义","Neoclassicism","Neoclassicism","/images/themes/traditional_painting/新古典主义_Neoclassicism.png",
"传统绘画",cat2_item9,"写实主义","Realism","Realism","/images/themes/traditional_painting/写实主义_Realism.png",
"传统绘画",cat2_item10,"表现主义","Expressionism","Expressionism","/images/themes/traditional_painting/表现主义_Expressionism.png",
"传统绘画",cat2_item11,"立体主义","Cubism","Cubism","/images/themes/traditional_painting/立体主义_Cubism.png",
"传统绘画",cat2_item12,"野兽派","Fauvism","Fauvism","/images/themes/traditional_painting/野兽派_Fauvism.png",
"传统绘画",cat2_item13,"达达主义","Dada","Dada","/images/themes/traditional_painting/达达主义_Dada.png",
"传统绘画",cat2_item14,"抽象表现主义","Abstract Expressionism","Abstract Expressionism","/images/themes/traditional_painting/抽象表现主义_Abstract Expressionism.png",
"传统绘画",cat2_item15,"中国水墨","Chinese Ink Wash","Chinese Ink Wash","/images/themes/traditional_painting/中国水墨_Chinese Ink Wash.png",
"传统绘画",cat2_item16,"工笔","Gongbi","Gongbi","/images/themes/traditional_painting/工笔_Gongbi.png",
"传统绘画",cat2_item17,"泼墨","Splash Ink","Splash Ink","/images/themes/traditional_painting/泼墨_Splash Ink.png",
"传统绘画",cat2_item18,"日本浮世绘","Ukiyo-e","Ukiyo-e","/images/themes/traditional_painting/日本浮世绘_Ukiyo-e.png",
"传统绘画",cat2_item19,"韩国民画","Minhwa","Minhwa","/images/themes/traditional_painting/韩国民画_Minhwa.png",
"传统绘画",cat2_item20,"油画","Oil Painting","Oil Painting","/images/themes/traditional_painting/油画_Oil Painting.png",
"传统绘画",cat2_item21,"水彩","Watercolor","Watercolor","/images/themes/traditional_painting/水彩_Watercolor.png",
"传统绘画",cat2_item22,"粉彩","Pastel","Pastel","/images/themes/traditional_painting/粉彩_Pastel.png",
"传统绘画",cat2_item23,"壁画","Fresco","Fresco","/images/themes/traditional_painting/壁画_Fresco.png",
"传统绘画",cat2_item24,"蛋彩画","Tempera","Tempera","/images/themes/traditional_painting/蛋彩画_Tempera.png",
"传统绘画",cat2_item25,"丙烯","Acrylic","Acrylic","/images/themes/traditional_painting/丙烯_Acrylic.png",
"传统绘画",cat2_item26,"木版画","Woodblock Print","Woodblock Print","/images/themes/traditional_painting/木版画_Woodblock Print.png",
"传统绘画",cat2_item27,"铜版画","Engraving","Engraving","/images/themes/traditional_painting/铜版画_Engraving.png",
"传统绘画",cat2_item28,"点彩派","Pointillism","Pointillism","/images/themes/traditional_painting/点彩派_Pointillism.png",
"传统绘画",cat2_item29,"象征主义","Symbolism","Symbolism","/images/themes/traditional_painting/象征主义_Symbolism.png",
"传统绘画",cat2_item30,"巴比松画派","Barbizon School","Barbizon School","/images/themes/traditional_painting/巴比松画派_Barbizon School.png",
"传统绘画",cat2_item31,"威尼斯画派","Venetian School","Venetian School","/images/themes/traditional_painting/威尼斯画派_Venetian School.png",
"传统绘画",cat2_item32,"荷兰黄金时代","Dutch Golden Age","Dutch Golden Age","/images/themes/traditional_painting/荷兰黄金时代_Dutch Golden Age.png",
"传统绘画",cat2_item33,"水墨人物","Ink Figure Painting","Ink Figure Painting","/images/themes/traditional_painting/水墨人物_Ink Figure Painting.png",
"数字艺术",cat3_item1,"电影感","Cinematic","Cinematic","/images/themes/digital_art/电影感_Cinematic.png",true
"数字艺术",cat3_item2,"街拍","Street","Street","/images/themes/digital_art/街拍_Street.png",true
"数字艺术",cat3_item3,"黑白","Black & White","Black & White","/images/themes/digital_art/黑白_Black & White.png",true
"数字艺术",cat3_item4,"时尚摄影","Fashion","Fashion","/images/themes/digital_art/时尚摄影_Fashion.png",true
"数字艺术",cat3_item5,"AI 扩散风","Diffusion Style","Diffusion Style","/images/themes/digital_art/AI 扩散风_Diffusion Style.png",
"数字艺术",cat3_item6,"超现实主义","Surrealism","Surrealism","/images/themes/digital_art/超现实主义_Surrealism.png",
"数字艺术",cat3_item7,"抽象几何","Abstract Geometric","Abstract Geometric","/images/themes/digital_art/抽象几何_Abstract Geometric.png",
"数字艺术",cat3_item8,"数码拼贴","Digital Collage","Digital Collage","/images/themes/digital_art/数码拼贴_Digital Collage.png",
"数字艺术",cat3_item9,"霓虹风","Neon Aesthetic","Neon Aesthetic","/images/themes/digital_art/霓虹风_Neon Aesthetic.png",
"数字艺术",cat3_item10,"全息风","Holographic","Holographic","/images/themes/digital_art/全息风_Holographic.png",
"数字艺术",cat3_item11,"合成波","Synthwave","Synthwave","/images/themes/digital_art/合成波_Synthwave.png",
"数字艺术",cat3_item12,"蒸汽波","Vaporwave","Vaporwave","/images/themes/digital_art/蒸汽波_Vaporwave.png",
"数字艺术",cat3_item13,"低多边形","Low Poly","Low Poly","/images/themes/digital_art/低多边形_Low Poly.png",
"数字艺术",cat3_item14,"像素艺术","Pixel Art","Pixel Art","/images/themes/digital_art/像素艺术_Pixel Art.png",
"数字艺术",cat3_item15,"赛博朋克","Cyberpunk","Cyberpunk","/images/themes/digital_art/赛博朋克_Cyberpunk.png",
"数字艺术",cat3_item16,"未来主义","Futurism","Futurism","/images/themes/digital_art/未来主义_Futurism.png",
"数字艺术",cat3_item17,"生物发光","Bioluminescent","Bioluminescent","/images/themes/digital_art/生物发光_Bioluminescent.png",
"数字艺术",cat3_item18,"液态金属","Liquid Metal","Liquid Metal","/images/themes/digital_art/液态金属_Liquid Metal.png",
"数字艺术",cat3_item19,"神经网络艺术","Neural Network Art","Neural Network Art","/images/themes/digital_art/神经网络艺术_Neural Network Art.png",
"数字艺术",cat3_item20,"生成艺术","Generative Art","Generative Art","/images/themes/digital_art/生成艺术_Generative Art.png",
"数字艺术",cat3_item21,"分形艺术","Fractal Art","Fractal Art","/images/themes/digital_art/分形艺术_Fractal Art.png",
"数字艺术",cat3_item22,"光绘","Light Painting","Light Painting","/images/themes/digital_art/光绘_Light Painting.png",
"数字艺术",cat3_item23,"全息投影","Hologram Effect","Hologram Effect","/images/themes/digital_art/全息投影_Hologram Effect.png",
"数字艺术",cat3_item24,"赛博格美学","Cyborg Aesthetic","Cyborg Aesthetic","/images/themes/digital_art/赛博格美学_Cyborg Aesthetic.png",
"数字艺术",cat3_item25,"数字油画","Digital Oil Painting","Digital Oil Painting","/images/themes/digital_art/数字油画_Digital Oil Painting.png",
"数字艺术",cat3_item26,"3D 渲染","3D Rendering","3D Rendering","/images/themes/digital_art/3D 渲染_3D Rendering.png",
"数字艺术",cat3_item27,"动态粒子","Particle Motion","Particle Motion","/images/themes/digital_art/动态粒子_Particle Motion.png",
"数字艺术",cat3_item28,"流体模拟","Fluid Simulation","Fluid Simulation","/images/themes/digital_art/流体模拟_Fluid Simulation.png",
"插画",cat4_item1,"高级定制","Haute Couture","Haute Couture","/images/themes/illustration/高级定制_Haute Couture.png",true
"插画",cat4_item2,"街头潮流","Streetwear","Streetwear","/images/themes/illustration/街头潮流_Streetwear.png",true
"插画",cat4_item3,"前卫","Avant-garde","Avant-garde","/images/themes/illustration/前卫_Avant-garde.png",true
"插画",cat4_item4,"哥特","Gothic","Gothic","/images/themes/illustration/哥特_Gothic.png",true
"插画",cat4_item5,"朋克","Punk","Punk","/images/themes/illustration/朋克_Punk.png",
"插画",cat4_item6,"未来主义时尚","Futuristic Fashion","Futuristic Fashion","/images/themes/illustration/未来主义时尚_Futuristic Fashion.png",
"插画",cat4_item7,"极简","Minimal","Minimal","/images/themes/illustration/极简_Minimal.png",
"插画",cat4_item8,"都市运动","Urban Sport","Urban Sport","/images/themes/illustration/都市运动_Urban Sport.png",
"插画",cat4_item9,"复古","Retro","Retro","/images/themes/illustration/复古_Retro.png",
"插画",cat4_item10,"维多利亚","Victorian","Victorian","/images/themes/illustration/维多利亚_Victorian.png",
"插画",cat4_item11,"和风","Wafuku","Wafuku","/images/themes/illustration/和风_Wafuku.png",
"插画",cat4_item12,"中式汉服","Hanfu","Hanfu","/images/themes/illustration/中式汉服_Hanfu.png",
"插画",cat4_item13,"奇幻插画","Fantasy Illustration","Fantasy Illustration","/images/themes/illustration/奇幻插画_Fantasy Illustration.png",
"插画",cat4_item14,"童话风","Fairytale Style","Fairytale Style","/images/themes/illustration/童话风_Fairytale Style.png",
"插画",cat4_item15,"蒸汽朋克插画","Steampunk Illustration","Steampunk Illustration","/images/themes/illustration/蒸汽朋克插画_Steampunk Illustration.png",
"插画",cat4_item16,"童话绘本","Children's Book Illustration","Children's Book Illustration","/images/themes/illustration/童话绘本_Children's Book Illustration.png",
"插画",cat4_item17,"装饰艺术插画","Art Deco Illustration","Art Deco Illustration","/images/themes/illustration/装饰艺术插画_Art Deco Illustration.png",
"插画",cat4_item18,"新艺术风格","Art Nouveau","Art Nouveau","/images/themes/illustration/新艺术风格_Art Nouveau.png",
"插画",cat4_item19,"孟菲斯插画","Memphis Illustration","Memphis Illustration","/images/themes/illustration/孟菲斯插画_Memphis Illustration.png",
"插画",cat4_item20,"扁平插画","Flat Illustration","Flat Illustration","/images/themes/illustration/扁平插画_Flat Illustration.png",
"插画",cat4_item21,"手绘水彩插画","Hand-painted Watercolor","Hand-painted Watercolor","/images/themes/illustration/手绘水彩插画_Hand-painted Watercolor.png",
"插画",cat4_item22,"矢量插画","Vector Illustration","Vector Illustration","/images/themes/illustration/矢量插画_Vector Illustration.png",
"插画",cat4_item23,"涂鸦插画","Graffiti Illustration","Graffiti Illustration","/images/themes/illustration/涂鸦插画_Graffiti Illustration.png",
"插画",cat4_item24,"科幻角色设计","Sci-fi Character Design","Sci-fi Character Design","/images/themes/illustration/科幻角色设计_Sci-fi Character Design.png",
"插画",cat4_item25,"日式厚涂","Japanese Thick Painting","Japanese Thick Painting","/images/themes/illustration/日式厚涂_Japanese Thick Painting.png",
"插画",cat4_item26,"美式漫画","American Comic","American Comic","/images/themes/illustration/美式漫画_American Comic.png",
"插画",cat4_item27,"卡通渲染","Toon Shading","Toon Shading","/images/themes/illustration/卡通渲染_Toon Shading.png",
"插画",cat4_item28,"极繁主义","Maximalism","Maximalism","/images/themes/illustration/极繁主义_Maximalism.png",
"插画",cat4_item29,"超现实插画","Surreal Illustration","Surreal Illustration","/images/themes/illustration/超现实插画_Surreal Illustration.png",
"插画",cat4_item30,"赛博格人像","Cyborg Portrait","Cyborg Portrait","/images/themes/illustration/赛博格人像_Cyborg Portrait.png",
"插画",cat4_item31,"生物朋克插画","Biopunk Illustration","Biopunk Illustration","/images/themes/illustration/生物朋克插画_Biopunk Illustration.png",
"插画",cat4_item32,"末日幻想","Post-apocalyptic Illustration","Post-apocalyptic Illustration","/images/themes/illustration/末日幻想_Post-apocalyptic Illustration.png",
"插画",cat4_item33,"童话暗黑风","Dark Fairytale","Dark Fairytale","/images/themes/illustration/童话暗黑风_Dark Fairytale.png",
"平面设计",cat5_item1,"包豪斯","Bauhaus","Bauhaus","/images/themes/graphic_design/包豪斯_Bauhaus.png",true
"平面设计",cat5_item2,"Swiss Style","Swiss Style","Swiss Style","/images/themes/graphic_design/Swiss Style_Swiss Style.png",true
"平面设计",cat5_item3,"粗野主义平面","Brutalist Graphic","Brutalist Graphic","/images/themes/graphic_design/粗野主义平面_Brutalist Graphic.png",true
"平面设计",cat5_item4,"极简 Minimal","Minimal","Minimal","/images/themes/graphic_design/极简 Minimal_Minimal.png",true
"平面设计",cat5_item5,"拼贴","Collage","Collage","/images/themes/graphic_design/拼贴_Collage.png",
"平面设计",cat5_item6,"手绘手账","Hand-drawn Sketch","Hand-drawn Sketch","/images/themes/graphic_design/手绘手账_Hand-drawn Sketch.png",
"平面设计",cat5_item7,"复古广告","Retro Poster","Retro Poster","/images/themes/graphic_design/复古广告_Retro Poster.png",
"平面设计",cat5_item8,"商业海报","Commercial Poster","Commercial Poster","/images/themes/graphic_design/商业海报_Commercial Poster.png",
"平面设计",cat5_item9,"孟菲斯风格","Memphis Design","Memphis Design","/images/themes/graphic_design/孟菲斯风格_Memphis Design.png",
"平面设计",cat5_item10,"故障艺术","Glitch Art","Glitch Art","/images/themes/graphic_design/故障艺术_Glitch Art.png",
"平面设计",cat5_item11,"霓虹排版","Neon Typography","Neon Typography","/images/themes/graphic_design/霓虹排版_Neon Typography.png",
"平面设计",cat5_item12,"未来主义排版","Futuristic Typography","Futuristic Typography","/images/themes/graphic_design/未来主义排版_Futuristic Typography.png",
"平面设计",cat5_item13,"等距插画","Isometric Illustration","Isometric Illustration","/images/themes/graphic_design/等距插画_Isometric Illustration.png",
"平面设计",cat5_item14,"像素图形","Pixel Graphics","Pixel Graphics","/images/themes/graphic_design/像素图形_Pixel Graphics.png",
"平面设计",cat5_item15,"酸性设计","Acid Graphics","Acid Graphics","/images/themes/graphic_design/酸性设计_Acid Graphics.png",
"平面设计",cat5_item16,"超现实平面","Surreal Graphic","Surreal Graphic","/images/themes/graphic_design/超现实平面_Surreal Graphic.png",
"平面设计",cat5_item17,"复古未来主义","Retro-futurism","Retro-futurism","/images/themes/graphic_design/复古未来主义_Retro-futurism.png",
"平面设计",cat5_item18,"动态图形","Motion Graphics Style","Motion Graphics Style","/images/themes/graphic_design/动态图形_Motion Graphics Style.png",
"平面设计",cat5_item19,"信息图风格","Infographic Style","Infographic Style","/images/themes/graphic_design/信息图风格_Infographic Style.png",
"平面设计",cat5_item20,"品牌视觉","Branding Aesthetic","Branding Aesthetic","/images/themes/graphic_design/品牌视觉_Branding Aesthetic.png",
"平面设计",cat5_item21,"杂志排版","Editorial Layout","Editorial Layout","/images/themes/graphic_design/杂志排版_Editorial Layout.png",
"平面设计",cat5_item22,"手写体设计","Hand-lettering","Hand-lettering","/images/themes/graphic_design/手写体设计_Hand-lettering.png",
"平面设计",cat5_item23,"几何构成","Geometric Composition","Geometric Composition","/images/themes/graphic_design/几何构成_Geometric Composition.png",
"平面设计",cat5_item24,"负空间设计","Negative Space","Negative Space","/images/themes/graphic_design/负空间设计_Negative Space.png",
"平面设计",cat5_item25,"单色设计","Monochrome Design","Monochrome Design","/images/themes/graphic_design/单色设计_Monochrome Design.png",
"平面设计",cat5_item26,"高饱和配色","High-saturation Palette","High-saturation Palette","/images/themes/graphic_design/高饱和配色_High-saturation Palette.png",
"平面设计",cat5_item27,"抽象矢量","Abstract Vector","Abstract Vector","/images/themes/graphic_design/抽象矢量_Abstract Vector.png",
"平面设计",cat5_item28,"复古科技","Retro Tech","Retro Tech","/images/themes/graphic_design/复古科技_Retro Tech.png",
"平面设计",cat5_item29,"赛博朋克UI","Cyberpunk UI","Cyberpunk UI","/images/themes/graphic_design/赛博朋克UI_Cyberpunk UI.png",
"平面设计",cat5_item30,"未来字体","Futuristic Font","Futuristic Font","/images/themes/graphic_design/未来字体_Futuristic Font.png",
"平面设计",cat5_item31,"极简图标","Minimal Icon Set","Minimal Icon Set","/images/themes/graphic_design/极简图标_Minimal Icon Set.png",
"平面设计",cat5_item32,"数字海报","Digital Poster","Digital Poster","/images/themes/graphic_design/数字海报_Digital Poster.png",
"平面设计",cat5_item33,"概念排版","Conceptual Typography","Conceptual Typography","/images/themes/graphic_design/概念排版_Conceptual Typography.png",
"摄影",cat6_item1,"纪实","Documentary","Documentary","/images/themes/photography/纪实_Documentary.png",true
"摄影",cat6_item2,"街拍","Street Photography","Street Photography","/images/themes/photography/街拍_Street Photography.png",true
"摄影",cat6_item3,"人像","Portrait","Portrait","/images/themes/photography/人像_Portrait.png",true
"摄影",cat6_item4,"电影感","Cinematic","Cinematic","/images/themes/photography/电影感_Cinematic.png",true
"摄影",cat6_item5,"黑白","Black & White","Black & White","/images/themes/photography/黑白_Black & White.png",
"摄影",cat6_item6,"胶片","Film","Film","/images/themes/photography/胶片_Film.png",
"摄影",cat6_item7,"时尚摄影","Fashion","Fashion","/images/themes/photography/时尚摄影_Fashion.png",
"摄影",cat6_item8,"工业摄影","Industrial","Industrial","/images/themes/photography/工业摄影_Industrial.png",
"摄影",cat6_item9,"建筑摄影","Architectural","Architectural","/images/themes/photography/建筑摄影_Architectural.png",
"摄影",cat6_item10,"航拍","Aerial","Aerial","/images/themes/photography/航拍_Aerial.png",
"摄影",cat6_item11,"微距","Macro","Macro","/images/themes/photography/微距_Macro.png",
"摄影",cat6_item12,"极简摄影","Minimalist","Minimalist","/images/themes/photography/极简摄影_Minimalist.png",
"摄影",cat6_item13,"夜景","Nightscape","Nightscape","/images/themes/photography/夜景_Nightscape.png",
"摄影",cat6_item14,"自然光人像","Natural Light Portrait","Natural Light Portrait","/images/themes/photography/自然光人像_Natural Light Portrait.png",
"摄影",cat6_item15,"高对比度","High Contrast","High Contrast","/images/themes/photography/高对比度_High Contrast.png",
"摄影",cat6_item16,"柔焦","Soft Focus","Soft Focus","/images/themes/photography/柔焦_Soft Focus.png",
"摄影",cat6_item17,"动态模糊","Motion Blur","Motion Blur","/images/themes/photography/动态模糊_Motion Blur.png",
"摄影",cat6_item18,"长曝光","Long Exposure","Long Exposure","/images/themes/photography/长曝光_Long Exposure.png",
"摄影",cat6_item19,"宝丽来","Polaroid","Polaroid","/images/themes/photography/宝丽来_Polaroid.png",
"摄影",cat6_item20,"Lo-fi 胶片","Lo-fi Film","Lo-fi Film","/images/themes/photography/Lo-fi 胶片_Lo-fi Film.png",
"摄影",cat6_item21,"黄金时刻","Golden Hour","Golden Hour","/images/themes/photography/黄金时刻_Golden Hour.png",
"摄影",cat6_item22,"阴天氛围","Overcast Mood","Overcast Mood","/images/themes/photography/阴天氛围_Overcast Mood.png",
"摄影",cat6_item23,"都市夜景","Urban Nightscape","Urban Nightscape","/images/themes/photography/都市夜景_Urban Nightscape.png",
"摄影",cat6_item24,"肖像特写","Close-up Portrait","Close-up Portrait","/images/themes/photography/肖像特写_Close-up Portrait.png",
"摄影",cat6_item25,"环境人像","Environmental Portrait","Environmental Portrait","/images/themes/photography/环境人像_Environmental Portrait.png",
"摄影",cat6_item26,"运动抓拍","Action Shot","Action Shot","/images/themes/photography/运动抓拍_Action Shot.png",
"摄影",cat6_item27,"静物摄影","Still Life","Still Life","/images/themes/photography/静物摄影_Still Life.png",
"摄影",cat6_item28,"美食摄影","Food Photography","Food Photography","/images/themes/photography/美食摄影_Food Photography.png",
"摄影",cat6_item29,"水下摄影","Underwater","Underwater","/images/themes/photography/水下摄影_Underwater.png",
"摄影",cat6_item30,"红外摄影","Infrared","Infrared","/images/themes/photography/红外摄影_Infrared.png",
"摄影",cat6_item31,"柔光人像","Soft Lighting Portrait","Soft Lighting Portrait","/images/themes/photography/柔光人像_Soft Lighting Portrait.png",
"摄影",cat6_item32,"硬光肖像","Hard Light Portrait","Hard Light Portrait","/images/themes/photography/硬光肖像_Hard Light Portrait.png",
"摄影",cat6_item33,"街头纪实","Street Documentary","Street Documentary","/images/themes/photography/街头纪实_Street Documentary.png",
"动画",cat7_item1,"日式","Anime","Anime","/images/themes/animation/日式_Anime.png",true
"动画",cat7_item2,"美式卡通","Cartoon","Cartoon","/images/themes/animation/美式卡通_Cartoon.png",true
"动画",cat7_item3,"2D","2D Hand-drawn","2D Hand-drawn","/images/themes/animation/2D_2D Hand-drawn.png",true
"动画",cat7_item4,"3D","3D Animation","3D Animation","/images/themes/animation/3D_3D Animation.png",true
"动画",cat7_item5,"超写实","Hyperrealistic","Hyperrealistic","/images/themes/animation/超写实_Hyperrealistic.png",
"动画",cat7_item6,"低帧动漫","Low FPS Anime","Low FPS Anime","/images/themes/animation/低帧动漫_Low FPS Anime.png",
"动画",cat7_item7,"粘土动画","Claymation","Claymation","/images/themes/animation/粘土动画_Claymation.png",
"动画",cat7_item8,"赛璐璐","Cel Shading","Cel Shading","/images/themes/animation/赛璐璐_Cel Shading.png",
"动画",cat7_item9,"Vaporwave Anime","Vaporwave Anime","Vaporwave Anime","/images/themes/animation/Vaporwave Anime_Vaporwave Anime.png",
"动画",cat7_item10,"迪士尼风格","Disney Style","Disney Style","/images/themes/animation/迪士尼风格_Disney Style.png",
"动画",cat7_item11,"皮克斯风格","Pixar Style","Pixar Style","/images/themes/animation/皮克斯风格_Pixar Style.png",
"动画",cat7_item12,"宫崎骏风","Miyazaki Style","Miyazaki Style","/images/themes/animation/宫崎骏风_Miyazaki Style.png",
"动画",cat7_item13,"新海诚风","Makoto Shinkai Style","Makoto Shinkai Style","/images/themes/animation/新海诚风_Makoto Shinkai Style.png",
"动画",cat7_item14,"定格动画","Stop Motion","Stop Motion","/images/themes/animation/定格动画_Stop Motion.png",
"动画",cat7_item15,"Flash 动画","Flash Animation","Flash Animation","/images/themes/animation/Flash 动画_Flash Animation.png",
"动画",cat7_item16,"极简动画","Minimal Animation","Minimal Animation","/images/themes/animation/极简动画_Minimal Animation.png",
"动画",cat7_item17,"抽象动画","Abstract Animation","Abstract Animation","/images/themes/animation/抽象动画_Abstract Animation.png",
"动画",cat7_item18,"故障动画","Glitch Animation","Glitch Animation","/images/themes/animation/故障动画_Glitch Animation.png",
"动画",cat7_item19,"蒸汽朋克动画","Steampunk Animation","Steampunk Animation","/images/themes/animation/蒸汽朋克动画_Steampunk Animation.png",
"动画",cat7_item20,"赛博朋克动画","Cyberpunk Animation","Cyberpunk Animation","/images/themes/animation/赛博朋克动画_Cyberpunk Animation.png",
"动画",cat7_item21,"水墨动画","Ink Wash Animation","Ink Wash Animation","/images/themes/animation/水墨动画_Ink Wash Animation.png",
"动画",cat7_item22,"剪纸动画","Paper Cut Animation","Paper Cut Animation","/images/themes/animation/剪纸动画_Paper Cut Animation.png",
"动画",cat7_item23,"矢量动画","Vector Animation","Vector Animation","/images/themes/animation/矢量动画_Vector Animation.png",
"动画",cat7_item24,"复古卡通","Retro Cartoon","Retro Cartoon","/images/themes/animation/复古卡通_Retro Cartoon.png",
"动画",cat7_item25,"超现实动画","Surreal Animation","Surreal Animation","/images/themes/animation/超现实动画_Surreal Animation.png",
"动画",cat7_item26,"恐怖动画","Horror Animation","Horror Animation","/images/themes/animation/恐怖动画_Horror Animation.png",
"动画",cat7_item27,"儿童动画","Kids Animation","Kids Animation","/images/themes/animation/儿童动画_Kids Animation.png",
"动画",cat7_item28,"实验动画","Experimental Animation","Experimental Animation","/images/themes/animation/实验动画_Experimental Animation.png",
"动画",cat7_item29,"2.5D 动画","2.5D Animation","2.5D Animation","/images/themes/animation/2.5D 动画_2.5D Animation.png",
"动画",cat7_item30,"动态漫画","Motion Comic","Motion Comic","/images/themes/animation/动态漫画_Motion Comic.png",
"工业设计",cat8_item1,"极简工业","Minimal Industrial","Minimal Industrial","/images/themes/industrial_design/极简工业_Minimal Industrial.png",true
"工业设计",cat8_item2,"科技未来","Future-tech","Future-tech","/images/themes/industrial_design/科技未来_Future-tech.png",true
"工业设计",cat8_item3,"北欧工业","Nordic","Nordic","/images/themes/industrial_design/北欧工业_Nordic.png",true
"工业设计",cat8_item4,"日式工业","Muji style","Muji style","/images/themes/industrial_design/日式工业_Muji style.png",true
"工业设计",cat8_item5,"赛博朋克工业","Cyberpunk Industrial","Cyberpunk Industrial","/images/themes/industrial_design/赛博朋克工业_Cyberpunk Industrial.png",
"工业设计",cat8_item6,"白物件","White-object aesthetic","White-object aesthetic","/images/themes/industrial_design/白物件_White-object aesthetic.png",
"工业设计",cat8_item7,"仿生设计","Bionic","Bionic","/images/themes/industrial_design/仿生设计_Bionic.png",
"工业设计",cat8_item8,"工业粗犷","Industrial Raw","Industrial Raw","/images/themes/industrial_design/工业粗犷_Industrial Raw.png",
"工业设计",cat8_item9,"复古机械","Retro Mechanical","Retro Mechanical","/images/themes/industrial_design/复古机械_Retro Mechanical.png",
"工业设计",cat8_item10,"模块化设计","Modular Design","Modular Design","/images/themes/industrial_design/模块化设计_Modular Design.png",
"工业设计",cat8_item11,"可持续设计","Sustainable Design","Sustainable Design","/images/themes/industrial_design/可持续设计_Sustainable Design.png",
"工业设计",cat8_item12,"智能穿戴","Smart Wearables","Smart Wearables","/images/themes/industrial_design/智能穿戴_Smart Wearables.png",
"工业设计",cat8_item13,"医疗设备","Medical Device","Medical Device","/images/themes/industrial_design/医疗设备_Medical Device.png",
"工业设计",cat8_item14,"交通工具","Vehicle Design","Vehicle Design","/images/themes/industrial_design/交通工具_Vehicle Design.png",
"工业设计",cat8_item15,"消费电子","Consumer Electronics","Consumer Electronics","/images/themes/industrial_design/消费电子_Consumer Electronics.png",
"工业设计",cat8_item16,"家具设计","Furniture Design","Furniture Design","/images/themes/industrial_design/家具设计_Furniture Design.png",
"工业设计",cat8_item17,"灯具设计","Lighting Design","Lighting Design","/images/themes/industrial_design/灯具设计_Lighting Design.png",
"工业设计",cat8_item18,"厨房用具","Kitchenware","Kitchenware","/images/themes/industrial_design/厨房用具_Kitchenware.png",
"工业设计",cat8_item19,"户外装备","Outdoor Gear","Outdoor Gear","/images/themes/industrial_design/户外装备_Outdoor Gear.png",
"工业设计",cat8_item20,"运动器材","Sports Equipment","Sports Equipment","/images/themes/industrial_design/运动器材_Sports Equipment.png",
"工业设计",cat8_item21,"极简家电","Minimalist Appliances","Minimalist Appliances","/images/themes/industrial_design/极简家电_Minimalist Appliances.png",
"工业设计",cat8_item22,"未来座舱","Future Cockpit","Future Cockpit","/images/themes/industrial_design/未来座舱_Future Cockpit.png",
"工业设计",cat8_item23,"机器人设计","Robot Design","Robot Design","/images/themes/industrial_design/机器人设计_Robot Design.png",
"工业设计",cat8_item24,"无人机造型","Drone Design","Drone Design","/images/themes/industrial_design/无人机造型_Drone Design.png",
"工业设计",cat8_item25,"可穿戴设备","Wearable Tech","Wearable Tech","/images/themes/industrial_design/可穿戴设备_Wearable Tech.png",
"工业设计",cat8_item26,"生物整合设计","Bio-integrated","Bio-integrated","/images/themes/industrial_design/生物整合设计_Bio-integrated.png",
"工业设计",cat8_item27,"参数化产品","Parametric Product","Parametric Product","/images/themes/industrial_design/参数化产品_Parametric Product.png",
"工业设计",cat8_item28,"透明材质","Transparent Material","Transparent Material","/images/themes/industrial_design/透明材质_Transparent Material.png",
"工业设计",cat8_item29,"金属拉丝","Brushed Metal","Brushed Metal","/images/themes/industrial_design/金属拉丝_Brushed Metal.png",
"工业设计",cat8_item30,"磨砂质感","Matte Finish","Matte Finish","/images/themes/industrial_design/磨砂质感_Matte Finish.png",
"景观 / 城市设计",cat9_item1,"中式园林","Chinese Garden","Chinese Garden","/images/themes/landscape_urban/中式园林_Chinese Garden.png",true
"景观 / 城市设计",cat9_item2,"日式枯山水","Japanese Zen Garden","Japanese Zen Garden","/images/themes/landscape_urban/日式枯山水_Japanese Zen Garden.png",true
"景观 / 城市设计",cat9_item3,"现代景观","Minimalist Landscape","Minimalist Landscape","/images/themes/landscape_urban/现代景观_Minimalist Landscape.png",true
"景观 / 城市设计",cat9_item4,"野性花园","Wild Garden","Wild Garden","/images/themes/landscape_urban/野性花园_Wild Garden.png",true
"景观 / 城市设计",cat9_item5,"北欧景观","Nordic Landscape","Nordic Landscape","/images/themes/landscape_urban/北欧景观_Nordic Landscape.png",
"景观 / 城市设计",cat9_item6,"城市未来感","Urban Futurism","Urban Futurism","/images/themes/landscape_urban/城市未来感_Urban Futurism.png",
"景观 / 城市设计",cat9_item7,"乡村田园","Cottagecore","Cottagecore","/images/themes/landscape_urban/乡村田园_Cottagecore.png",
"景观 / 城市设计",cat9_item8,"屋顶花园","Rooftop Garden","Rooftop Garden","/images/themes/landscape_urban/屋顶花园_Rooftop Garden.png",
"景观 / 城市设计",cat9_item9,"垂直绿化","Vertical Greening","Vertical Greening","/images/themes/landscape_urban/垂直绿化_Vertical Greening.png",
"景观 / 城市设计",cat9_item10,"沙漠景观","Desert Landscape","Desert Landscape","/images/themes/landscape_urban/沙漠景观_Desert Landscape.png",
"景观 / 城市设计",cat9_item11,"热带雨林","Tropical Rainforest","Tropical Rainforest","/images/themes/landscape_urban/热带雨林_Tropical Rainforest.png",
"景观 / 城市设计",cat9_item12,"极简庭院","Minimal Courtyard","Minimal Courtyard","/images/themes/landscape_urban/极简庭院_Minimal Courtyard.png",
"景观 / 城市设计",cat9_item13,"水景设计","Water Feature Design","Water Feature Design","/images/themes/landscape_urban/水景设计_Water Feature Design.png",
"景观 / 城市设计",cat9_item14,"灯光景观","Landscape Lighting","Landscape Lighting","/images/themes/landscape_urban/灯光景观_Landscape Lighting.png",
"景观 / 城市设计",cat9_item15,"工业遗址改造","Industrial Ruins Redevelopment","Industrial Ruins Redevelopment","/images/themes/landscape_urban/工业遗址改造_Industrial Ruins Redevelopment.png",
"景观 / 城市设计",cat9_item16,"生态湿地","Ecological Wetland","Ecological Wetland","/images/themes/landscape_urban/生态湿地_Ecological Wetland.png",
"景观 / 城市设计",cat9_item17,"城市广场","Urban Plaza","Urban Plaza","/images/themes/landscape_urban/城市广场_Urban Plaza.png",
"景观 / 城市设计",cat9_item18,"滨水空间","Waterfront Space","Waterfront Space","/images/themes/landscape_urban/滨水空间_Waterfront Space.png",
"景观 / 城市设计",cat9_item19,"口袋公园","Pocket Park","Pocket Park","/images/themes/landscape_urban/口袋公园_Pocket Park.png",
"景观 / 城市设计",cat9_item20,"智慧景观","Smart Landscape","Smart Landscape","/images/themes/landscape_urban/智慧景观_Smart Landscape.png",
"景观 / 城市设计",cat9_item21,"赛博城市","Cyber City","Cyber City","/images/themes/landscape_urban/赛博城市_Cyber City.png",
"景观 / 城市设计",cat9_item22,"末日废土","Post-apocalyptic Wasteland","Post-apocalyptic Wasteland","/images/themes/landscape_urban/末日废土_Post-apocalyptic Wasteland.png",
"景观 / 城市设计",cat9_item23,"空中城市","Floating City","Floating City","/images/themes/landscape_urban/空中城市_Floating City.png",
"景观 / 城市设计",cat9_item24,"地下城市","Underground City","Underground City","/images/themes/landscape_urban/地下城市_Underground City.png",
"景观 / 城市设计",cat9_item25,"未来公园","Future Park","Future Park","/images/themes/landscape_urban/未来公园_Future Park.png",
"景观 / 城市设计",cat9_item26,"月球基地","Lunar Base","Lunar Base","/images/themes/landscape_urban/月球基地_Lunar Base.png",
"景观 / 城市设计",cat9_item27,"火星殖民地","Mars Colony","Mars Colony","/images/themes/landscape_urban/火星殖民地_Mars Colony.png",
"景观 / 城市设计",cat9_item28,"生态村落","Eco Village","Eco Village","/images/themes/landscape_urban/生态村落_Eco Village.png",
"景观 / 城市设计",cat9_item29,"未来农业","Future Farming","Future Farming","/images/themes/landscape_urban/未来农业_Future Farming.png",
"材质表现",cat10_item1,"金属","Metal","Metal","/images/themes/material/金属_Metal.png",true
"材质表现",cat10_item2,"玻璃","Glass","Glass","/images/themes/material/玻璃_Glass.png",true
"材质表现",cat10_item3,"织物","Fabric","Fabric","/images/themes/material/织物_Fabric.png",true
"材质表现",cat10_item4,"皮肤","Skin","Skin","/images/themes/material/皮肤_Skin.png",true
"材质表现",cat10_item5,"木材","Wood","Wood","/images/themes/material/木材_Wood.png",
"材质表现",cat10_item6,"岩石","Rock","Rock","/images/themes/material/岩石_Rock.png",
"材质表现",cat10_item7,"冰","Ice","Ice","/images/themes/material/冰_Ice.png",
"材质表现",cat10_item8,"火","Fire","Fire","/images/themes/material/火_Fire.png",
"材质表现",cat10_item9,"水","Water","Water","/images/themes/material/水_Water.png",
"材质表现",cat10_item10,"砂砾","Sand","Sand","/images/themes/material/砂砾_Sand.png",
"材质表现",cat10_item11,"雾","Fog","Fog","/images/themes/material/雾_Fog.png",
"材质表现",cat10_item12,"血","Blood","Blood","/images/themes/material/血_Blood.png",
"材质表现",cat10_item13,"油","Oil","Oil","/images/themes/material/油_Oil.png",
"材质表现",cat10_item14,"毛发","Fur","Fur","/images/themes/material/毛发_Fur.png",
"材质表现",cat10_item15,"粘液","Slime","Slime","/images/themes/material/粘液_Slime.png",
"材质表现",cat10_item16,"云","Cloud","Cloud","/images/themes/material/云_Cloud.png",
"材质表现",cat10_item17,"雾","Fog","Fog","/images/themes/material/雾_Fog.png",
"材质表现",cat10_item18,"血","Blood","Blood","/images/themes/material/血_Blood.png",
"材质表现",cat10_item19,"油","Oil","Oil","/images/themes/material/油_Oil.png",
"材质表现",cat10_item20,"粘液","Slime","Slime","/images/themes/material/粘液_Slime.png",
"未来科幻",cat11_item1,"赛博朋克","Cyberpunk","Cyberpunk","/images/themes/sci_fi/赛博朋克_Cyberpunk.png",true
"未来科幻",cat11_item2,"太空歌剧","Space Opera","Space Opera","/images/themes/sci_fi/太空歌剧_Space Opera.png",true
"未来科幻",cat11_item3,"星际旅行","Interstellar","Interstellar","/images/themes/sci_fi/星际旅行_Interstellar.png",true
"未来科幻",cat11_item4,"火星殖民","Mars Colony","Mars Colony","/images/themes/sci_fi/火星殖民_Mars Colony.png",true
"未来科幻",cat11_item5,"末日废土","Post-apocalyptic","Post-apocalyptic","/images/themes/sci_fi/末日废土_Post-apocalyptic.png",
"未来科幻",cat11_item6,"AI 乌托邦","AI Utopia","AI Utopia","/images/themes/sci_fi/AI 乌托邦_AI Utopia.png",
"未来科幻",cat11_item7,"外星生态","Alien Ecosystem","Alien Ecosystem","/images/themes/sci_fi/外星生态_Alien Ecosystem.png",
"未来科幻",cat11_item8,"时间旅行","Time Travel","Time Travel","/images/themes/sci_fi/时间旅行_Time Travel.png",
"未来科幻",cat11_item9,"纳米科技","Nanotech","Nanotech","/images/themes/sci_fi/纳米科技_Nanotech.png",
"未来科幻",cat11_item10,"量子未来","Quantum Future","Quantum Future","/images/themes/sci_fi/量子未来_Quantum Future.png",
"未来科幻",cat11_item11,"意识上传","Mind Upload","Mind Upload","/images/themes/sci_fi/意识上传_Mind Upload.png",
"未来科幻",cat11_item12,"星际舰队","Starfleet","Starfleet","/images/themes/sci_fi/星际舰队_Starfleet.png",
"未来科幻",cat11_item13,"外星城市","Alien City","Alien City","/images/themes/sci_fi/外星城市_Alien City.png",
"未来科幻",cat11_item14,"星际贸易","Interstellar Trade","Interstellar Trade","/images/themes/sci_fi/星际贸易_Interstellar Trade.png",
"未来科幻",cat11_item15,"未来宗教","Future Religion","Future Religion","/images/themes/sci_fi/未来宗教_Future Religion.png",
"未来科幻",cat11_item16,"后人类","Posthuman","Posthuman","/images/themes/sci_fi/后人类_Posthuman.png",
"未来科幻",cat11_item17,"意识上传","Mind Upload","Mind Upload","/images/themes/sci_fi/意识上传_Mind Upload.png",
"未来科幻",cat11_item18,"星际贸易","Interstellar Trade","Interstellar Trade","/images/themes/sci_fi/星际贸易_Interstellar Trade.png",
"未来科幻",cat11_item19,"银河议会","Galactic Council","Galactic Council","/images/themes/sci_fi/银河议会_Galactic Council.png",
"未来科幻",cat11_item20,"未来宗教","Future Religion","Future Religion","/images/themes/sci_fi/未来宗教_Future Religion.png",
"奇幻神话",cat12_item1,"龙","Dragon","Dragon","/images/themes/fantasy/龙_Dragon.png",true
"奇幻神话",cat12_item2,"精灵","Elf","Elf","/images/themes/fantasy/精灵_Elf.png",true
"奇幻神话",cat12_item3,"巫师","Wizard","Wizard","/images/themes/fantasy/巫师_Wizard.png",true
"奇幻神话",cat12_item4,"兽人","Orc","Orc","/images/themes/fantasy/兽人_Orc.png",true
"奇幻神话",cat12_item5,"天使","Angel","Angel","/images/themes/fantasy/天使_Angel.png",
"奇幻神话",cat12_item6,"恶魔","Demon","Demon","/images/themes/fantasy/恶魔_Demon.png",
"奇幻神话",cat12_item7,"凤凰","Phoenix","Phoenix","/images/themes/fantasy/凤凰_Phoenix.png",
"奇幻神话",cat12_item8,"巨魔","Troll","Troll","/images/themes/fantasy/巨魔_Troll.png",
"奇幻神话",cat12_item9,"美人鱼","Mermaid","Mermaid","/images/themes/fantasy/美人鱼_Mermaid.png",
"奇幻神话",cat12_item10,"九尾狐","Kitsune","Kitsune","/images/themes/fantasy/九尾狐_Kitsune.png",
"奇幻神话",cat12_item11,"地精","Goblin","Goblin","/images/themes/fantasy/地精_Goblin.png",
"奇幻神话",cat12_item12,"吸血鬼领主","Vampire Lord","Vampire Lord","/images/themes/fantasy/吸血鬼领主_Vampire Lord.png",
"奇幻神话",cat12_item13,"中国龙","Chinese Dragon","Chinese Dragon","/images/themes/fantasy/中国龙_Chinese Dragon.png",
"奇幻神话",cat12_item14,"北欧神话","Norse Myth","Norse Myth","/images/themes/fantasy/北欧神话_Norse Myth.png",
"奇幻神话",cat12_item15,"埃及神祇","Egyptian God","Egyptian God","/images/themes/fantasy/埃及神祇_Egyptian God.png",
"奇幻神话",cat12_item16,"凯尔特神祇","Celtic Deity","Celtic Deity","/images/themes/fantasy/凯尔特神祇_Celtic Deity.png",
"奇幻神话",cat12_item17,"日本妖怪","Yokai","Yokai","/images/themes/fantasy/日本妖怪_Yokai.png",
"奇幻神话",cat12_item18,"中国神兽","Chinese Mythical Beast","Chinese Mythical Beast","/images/themes/fantasy/中国神兽_Chinese Mythical Beast.png",
"奇幻神话",cat12_item19,"印度神祇","Hindu Deity","Hindu Deity","/images/themes/fantasy/印度神祇_Hindu Deity.png",
"奇幻神话",cat12_item20,"凯尔特神祇","Celtic Deity","Celtic Deity","/images/themes/fantasy/凯尔特神祇_Celtic Deity.png",
"地域文化",cat13_item1,"非洲","African","African","/images/themes/culture/非洲_African.png",true
"地域文化",cat13_item2,"中东","Middle Eastern","Middle Eastern","/images/themes/culture/中东_Middle Eastern.png",true
"地域文化",cat13_item3,"日本","Japanese","Japanese","/images/themes/culture/日本_Japanese.png",true
"地域文化",cat13_item4,"北欧","Nordic","Nordic","/images/themes/culture/北欧_Nordic.png",true
"地域文化",cat13_item5,"拉美","Latin American","Latin American","/images/themes/culture/拉美_Latin American.png",
"地域文化",cat13_item6,"印度","Indian","Indian","/images/themes/culture/印度_Indian.png",
"地域文化",cat13_item7,"波利尼西亚","Polynesian","Polynesian","/images/themes/culture/波利尼西亚_Polynesian.png",
"地域文化",cat13_item8,"斯拉夫","Slavic","Slavic","/images/themes/culture/斯拉夫_Slavic.png",
"地域文化",cat13_item9,"凯尔特","Celtic","Celtic","/images/themes/culture/凯尔特_Celtic.png",
"地域文化",cat13_item10,"波斯","Persian","Persian","/images/themes/culture/波斯_Persian.png",
"地域文化",cat13_item11,"埃及","Egyptian","Egyptian","/images/themes/culture/埃及_Egyptian.png",
"地域文化",cat13_item12,"蒙古","Mongolian","Mongolian","/images/themes/culture/蒙古_Mongolian.png",
"地域文化",cat13_item13,"玛雅","Mayan","Mayan","/images/themes/culture/玛雅_Mayan.png",
"地域文化",cat13_item14,"阿拉伯","Arabic","Arabic","/images/themes/culture/阿拉伯_Arabic.png",
"地域文化",cat13_item15,"俄罗斯","Russian","Russian","/images/themes/culture/俄罗斯_Russian.png",
"地域文化",cat13_item16,"东南亚","Southeast Asian","Southeast Asian","/images/themes/culture/东南亚_Southeast Asian.png",
"地域文化",cat13_item17,"大洋洲","Oceanic","Oceanic","/images/themes/culture/大洋洲_Oceanic.png",
"地域文化",cat13_item18,"希腊","Greek","Greek","/images/themes/culture/希腊_Greek.png",
"地域文化",cat13_item19,"非洲面具","African Mask","African Mask","/images/themes/culture/非洲面具_African Mask.png",
"地域文化",cat13_item20,"东南亚","Southeast Asian","Southeast Asian","/images/themes/culture/东南亚_Southeast Asian.png",
"时尚服饰",cat14_item1,"高级定制","Haute Couture","Haute Couture","/images/themes/fashion/高级定制_Haute Couture.png",true
"时尚服饰",cat14_item2,"街头潮流","Streetwear","Streetwear","/images/themes/fashion/街头潮流_Streetwear.png",true
"时尚服饰",cat14_item3,"未来主义","Futurism","Futurism","/images/themes/fashion/未来主义_Futurism.png",true
"时尚服饰",cat14_item4,"哥特","Gothic","Gothic","/images/themes/fashion/哥特_Gothic.png",true
"时尚服饰",cat14_item5,"朋克","Punk","Punk","/images/themes/fashion/朋克_Punk.png",
"时尚服饰",cat14_item6,"婚纱","Bridal","Bridal","/images/themes/fashion/婚纱_Bridal.png",
"时尚服饰",cat14_item7,"旗袍","Qipao","Qipao","/images/themes/fashion/旗袍_Qipao.png",
"时尚服饰",cat14_item8,"和服","Kimono","Kimono","/images/themes/fashion/和服_Kimono.png",
"时尚服饰",cat14_item9,"民族服饰","Ethnic Wear","Ethnic Wear","/images/themes/fashion/民族服饰_Ethnic Wear.png",
"时尚服饰",cat14_item10,"面料材质","Fabric Texture","Fabric Texture","/images/themes/fashion/面料材质_Fabric Texture.png",
"时尚服饰",cat14_item11,"配饰","Accessories","Accessories","/images/themes/fashion/配饰_Accessories.png",
"时尚服饰",cat14_item12,"高定礼服","Couture Gown","Couture Gown","/images/themes/fashion/高定礼服_Couture Gown.png",
"时尚服饰",cat14_item13,"运动鞋","Sneakers","Sneakers","/images/themes/fashion/运动鞋_Sneakers.png",
"时尚服饰",cat14_item14,"潮流趋势","Trend Forecast","Trend Forecast","/images/themes/fashion/潮流趋势_Trend Forecast.png",
"时尚服饰",cat14_item15,"时尚配色","Color Palette","Color Palette","/images/themes/fashion/时尚配色_Color Palette.png",
"时尚服饰",cat14_item16,"高街时尚","High Street","High Street","/images/themes/fashion/高街时尚_High Street.png",
"时尚服饰",cat14_item17,"时尚摄影","Fashion Shoot","Fashion Shoot","/images/themes/fashion/时尚摄影_Fashion Shoot.png",
"时尚服饰",cat14_item18,"面料材质","Fabric Texture","Fabric Texture","/images/themes/fashion/面料材质_Fabric Texture.png",
"时尚服饰",cat14_item19,"高街时尚","High Street","High Street","/images/themes/fashion/高街时尚_High Street.png",
"时尚服饰",cat14_item20,"时尚摄影","Fashion Shoot","Fashion Shoot","/images/themes/fashion/时尚摄影_Fashion Shoot.png",
"自然生物",cat15_item1,"狮子","Lion","Lion","/images/themes/nature/狮子_Lion.png",true
"自然生物",cat15_item2,"鲸鱼","Whale","Whale","/images/themes/nature/鲸鱼_Whale.png",true
"自然生物",cat15_item3,"蝴蝶","Butterfly","Butterfly","/images/themes/nature/蝴蝶_Butterfly.png",true
"自然生物",cat15_item4,"珊瑚","Coral","Coral","/images/themes/nature/珊瑚_Coral.png",true
"自然生物",cat15_item5,"菌类","Fungi","Fungi","/images/themes/nature/菌类_Fungi.png",
"自然生物",cat15_item6,"苔藓","Moss","Moss","/images/themes/nature/苔藓_Moss.png",
"自然生物",cat15_item7,"沙漠植物","Desert Flora","Desert Flora","/images/themes/nature/沙漠植物_Desert Flora.png",
"自然生物",cat15_item8,"昆虫","Insect","Insect","/images/themes/nature/昆虫_Insect.png",
"自然生物",cat15_item9,"海洋生物","Marine Life","Marine Life","/images/themes/nature/海洋生物_Marine Life.png",
"自然生物",cat15_item10,"鸟类","Bird","Bird","/images/themes/nature/鸟类_Bird.png",
"自然生物",cat15_item11,"微生物","Microbe","Microbe","/images/themes/nature/微生物_Microbe.png",
"自然生物",cat15_item12,"植物根系","Root System","Root System","/images/themes/nature/植物根系_Root System.png",
"自然生物",cat15_item13,"真菌网络","Mycelium","Mycelium","/images/themes/nature/真菌网络_Mycelium.png",
"自然生物",cat15_item14,"草原","Savanna","Savanna","/images/themes/nature/草原_Savanna.png",
"自然生物",cat15_item15,"极地","Polar","Polar","/images/themes/nature/极地_Polar.png",
"自然生物",cat15_item16,"珊瑚礁","Coral Reef","Coral Reef","/images/themes/nature/珊瑚礁_Coral Reef.png",
"自然生物",cat15_item17,"森林","Forest","Forest","/images/themes/nature/森林_Forest.png",
"自然生物",cat15_item18,"草原","Savanna","Savanna","/images/themes/nature/草原_Savanna.png",
"自然生物",cat15_item19,"极地","Polar","Polar","/images/themes/nature/极地_Polar.png",
"自然生物",cat15_item20,"珊瑚礁","Coral Reef","Coral Reef","/images/themes/nature/珊瑚礁_Coral Reef.png",
"自然生物",cat15_item21,"极地","Polar","Polar","/images/themes/nature/极地_Polar.png",
"自然生物",cat15_item22,"珊瑚礁","Coral Reef","Coral Reef","/images/themes/nature/珊瑚礁_Coral Reef.png",
"自然生物",cat15_item23,"草原","Savanna","Savanna","/images/themes/nature/草原_Savanna.png",
"自然生物",cat15_item24,"森林","Forest","Forest","/images/themes/nature/森林_Forest.png",
"自然生物",cat15_item25,"极地","Polar","Polar","/images/themes/nature/极地_Polar.png",
"自然生物",cat15_item26,"珊瑚礁","Coral Reef","Coral Reef","/images/themes/nature/珊瑚礁_Coral Reef.png",
"自然生物",cat15_item27,"草原","Savanna","Savanna","/images/themes/nature/草原_Savanna.png",
"自然生物",cat15_item28,"森林","Forest","Forest","/images/themes/nature/森林_Forest.png",
"实验抽象",cat16_item1,"流体","Fluid","Fluid","/images/themes/abstract/流体_Fluid.png",true
"实验抽象",cat16_item2,"分形","Fractal","Fractal","/images/themes/abstract/分形_Fractal.png",true
"实验抽象",cat16_item3,"噪声","Noise","Noise","/images/themes/abstract/噪声_Noise.png",true
"实验抽象",cat16_item4,"粒子","Particle","Particle","/images/themes/abstract/粒子_Particle.png",true
"实验抽象",cat16_item5,"光流","Light Flow","Light Flow","/images/themes/abstract/光流_Light Flow.png",
"实验抽象",cat16_item6,"算法","Algorithmic","Algorithmic","/images/themes/abstract/算法_Algorithmic.png",
"实验抽象",cat16_item7,"混沌","Chaos","Chaos","/images/themes/abstract/混沌_Chaos.png",
"实验抽象",cat16_item8,"随机","Random","Random","/images/themes/abstract/随机_Random.png",
"实验抽象",cat16_item9,"变形","Morph","Morph","/images/themes/abstract/变形_Morph.png",
"实验抽象",cat16_item10,"拓扑","Topological","Topological","/images/themes/abstract/拓扑_Topological.png",
"实验抽象",cat16_item11,"声波","Soundwave","Soundwave","/images/themes/abstract/声波_Soundwave.png",
"实验抽象",cat16_item12,"磁场","Magnetic Field","Magnetic Field","/images/themes/abstract/磁场_Magnetic Field.png",
"实验抽象",cat16_item13,"数据雕塑","Data Sculpture","Data Sculpture","/images/themes/abstract/数据雕塑_Data Sculpture.png",
"实验抽象",cat16_item14,"神经网络","Neural Art","Neural Art","/images/themes/abstract/神经网络_Neural Art.png",
"实验抽象",cat16_item15,"生物形态","Biomorphism","Biomorphism","/images/themes/abstract/生物形态_Biomorphism.png",
"实验抽象",cat16_item16,"算法生成","Algorithmic Generation","Algorithmic Generation","/images/themes/abstract/算法生成_Algorithmic Generation.png",
"实验抽象",cat16_item17,"混沌理论","Chaos Theory","Chaos Theory","/images/themes/abstract/混沌理论_Chaos Theory.png",
"实验抽象",cat16_item18,"神经网络","Neural Art","Neural Art","/images/themes/abstract/神经网络_Neural Art.png",
"实验抽象",cat16_item19,"生物形态","Biomorphism","Biomorphism","/images/themes/abstract/生物形态_Biomorphism.png",
"实验抽象",cat16_item20,"算法生成","Algorithmic Generation","Algorithmic Generation","/images/themes/abstract/算法生成_Algorithmic Generation.png",
"实验抽象",cat16_item21,"数据雕塑","Data Sculpture","Data Sculpture","/images/themes/abstract/数据雕塑_Data Sculpture.png",
"实验抽象",cat16_item22,"生物形态","Biomorphism","Biomorphism","/images/themes/abstract/生物形态_Biomorphism.png",
"实验抽象",cat16_item23,"算法生成","Algorithmic Generation","Algorithmic Generation","/images/themes/abstract/算法生成_Algorithmic Generation.png",
"实验抽象",cat16_item24,"混沌理论","Chaos Theory","Chaos Theory","/images/themes/abstract/混沌理论_Chaos Theory.png",
"实验抽象",cat16_item25,"数据雕塑","Data Sculpture","Data Sculpture","/images/themes/abstract/数据雕塑_Data Sculpture.png",
"实验抽象",cat16_item26,"生物形态","Biomorphism","Biomorphism","/images/themes/abstract/生物形态_Biomorphism.png",
"实验抽象",cat16_item27,"算法生成","Algorithmic Generation","Algorithmic Generation","/images/themes/abstract/算法生成_Algorithmic Generation.png",
"实验抽象",cat16_item28,"混沌理论","Chaos Theory","Chaos Theory","/images/themes/abstract/混沌理论_Chaos Theory.png",
"影视语言",cat17_item1,"黑色电影","Film Noir","Film Noir","/images/themes/cinematic/黑色电影_Film Noir.png",true
"影视语言",cat17_item2,"王家卫风格","Wong Kar-wai","Wong Kar-wai","/images/themes/cinematic/王家卫风格_Wong Kar-wai.png",true
"影视语言",cat17_item3,"诺兰风格","Nolan","Nolan","/images/themes/cinematic/诺兰风格_Nolan.png",true
"影视语言",cat17_item4,"塔可夫斯基","Tarkovsky","Tarkovsky","/images/themes/cinematic/塔可夫斯基_Tarkovsky.png",true
"影视语言",cat17_item5,"西部片","Western","Western","/images/themes/cinematic/西部片_Western.png",
"影视语言",cat17_item6,"恐怖片","Horror","Horror","/images/themes/cinematic/恐怖片_Horror.png",
"影视语言",cat17_item7,"科幻片","Sci-fi","Sci-fi","/images/themes/cinematic/科幻片_Sci-fi.png",
"影视语言",cat17_item8,"动画电影","Animated Film","Animated Film","/images/themes/cinematic/动画电影_Animated Film.png",
"影视语言",cat17_item9,"纪录片","Documentary","Documentary","/images/themes/cinematic/纪录片_Documentary.png",
"影视语言",cat17_item10,"歌舞片","Musical","Musical","/images/themes/cinematic/歌舞片_Musical.png",
"影视语言",cat17_item11,"黑色电影打光","Noir Lighting","Noir Lighting","/images/themes/cinematic/黑色电影打光_Noir Lighting.png",
"影视语言",cat17_item12,"黄金时刻电影","Golden Hour Film","Golden Hour Film","/images/themes/cinematic/黄金时刻电影_Golden Hour Film.png",
"影视语言",cat17_item13,"手持摄影","Handheld","Handheld","/images/themes/cinematic/手持摄影_Handheld.png",
"影视语言",cat17_item14,"跳切","Jump Cut","Jump Cut","/images/themes/cinematic/跳切_Jump Cut.png",
"影视语言",cat17_item15,"慢动作","Slow Motion","Slow Motion","/images/themes/cinematic/慢动作_Slow Motion.png",
"影视语言",cat17_item16,"高速摄影","High-speed","High-speed","/images/themes/cinematic/高速摄影_High-speed.png",
"影视语言",cat17_item17,"鱼眼镜头","Fisheye","Fisheye","/images/themes/cinematic/鱼眼镜头_Fisheye.png",
"影视语言",cat17_item18,"广角镜头","Wide Angle","Wide Angle","/images/themes/cinematic/广角镜头_Wide Angle.png",
"影视语言",cat17_item19,"稳定镜头","Steadicam","Steadicam","/images/themes/cinematic/稳定镜头_Steadicam.png",
"影视语言",cat17_item20,"跳切","Jump Cut","Jump Cut","/images/themes/cinematic/跳切_Jump Cut.png",
"影视语言",cat17_item21,"高速摄影","High-speed","High-speed","/images/themes/cinematic/高速摄影_High-speed.png",
"影视语言",cat17_item22,"鱼眼镜头","Fisheye","Fisheye","/images/themes/cinematic/鱼眼镜头_Fisheye.png",
"影视语言",cat17_item23,"广角镜头","Wide Angle","Wide Angle","/images/themes/cinematic/广角镜头_Wide Angle.png",
"影视语言",cat17_item24,"稳定镜头","Steadicam","Steadicam","/images/themes/cinematic/稳定镜头_Steadicam.png",
"影视语言",cat17_item25,"跳切","Jump Cut","Jump Cut","/images/themes/cinematic/跳切_Jump Cut.png",
"影视语言",cat17_item26,"慢动作","Slow Motion","Slow Motion","/images/themes/cinematic/慢动作_Slow Motion.png",
"影视语言",cat17_item27,"高速摄影","High-speed","High-speed","/images/themes/cinematic/高速摄影_High-speed.png",
"影视语言",cat17_item28,"鱼眼镜头","Fisheye","Fisheye","/images/themes/cinematic/鱼眼镜头_Fisheye.png",
"游戏美术",cat18_item1,"8-bit","8-bit","8-bit","/images/themes/game_art/8-bit_8-bit.png",true
"游戏美术",cat18_item2,"16-bit","16-bit","16-bit","/images/themes/game_art/16-bit_16-bit.png",true
"游戏美术",cat18_item3,"像素风","Pixel Art","Pixel Art","/images/themes/game_art/像素风_Pixel Art.png",true
"游戏美术",cat18_item4,"等距游戏","Isometric","Isometric","/images/themes/game_art/等距游戏_Isometric.png",true
"游戏美术",cat18_item5,"RPG 风格","RPG","RPG","/images/themes/game_art/RPG 风格_RPG.png",
"游戏美术",cat18_item6,"赛博朋克游戏","Cyberpunk Game","Cyberpunk Game","/images/themes/game_art/赛博朋克游戏_Cyberpunk Game.png",
"游戏美术",cat18_item7,"像素角色","Pixel Character","Pixel Character","/images/themes/game_art/像素角色_Pixel Character.png",
"游戏美术",cat18_item8,"低多边形游戏","Low Poly Game","Low Poly Game","/images/themes/game_art/低多边形游戏_Low Poly Game.png",
"游戏美术",cat18_item9,"游戏 UI","Game UI","Game UI","/images/themes/game_art/游戏 UI_Game UI.png",
"游戏美术",cat18_item10,"复古游戏","Retro Game","Retro Game","/images/themes/game_art/复古游戏_Retro Game.png",
"游戏美术",cat18_item11,"像素场景","Pixel Scene","Pixel Scene","/images/themes/game_art/像素场景_Pixel Scene.png",
"游戏美术",cat18_item12,"2D 平台游戏","2D Platformer","2D Platformer","/images/themes/game_art/2D 平台游戏_2D Platformer.png",
"游戏美术",cat18_item13,"游戏贴图","Game Texture","Game Texture","/images/themes/game_art/游戏贴图_Game Texture.png",
"游戏美术",cat18_item14,"独立游戏","Indie Game","Indie Game","/images/themes/game_art/独立游戏_Indie Game.png",
"游戏美术",cat18_item15,"VR 游戏","VR Game","VR Game","/images/themes/game_art/VR 游戏_VR Game.png",
"游戏美术",cat18_item16,"AR 游戏","AR Game","AR Game","/images/themes/game_art/AR 游戏_AR Game.png",
"游戏美术",cat18_item17,"游戏图标","Game Icon","Game Icon","/images/themes/game_art/游戏图标_Game Icon.png",
"游戏美术",cat18_item18,"复古像素","Retro Pixel","Retro Pixel","/images/themes/game_art/复古像素_Retro Pixel.png",
"游戏美术",cat18_item19,"VR 游戏","VR Game","VR Game","/images/themes/game_art/VR 游戏_VR Game.png",
"游戏美术",cat18_item20,"AR 游戏","AR Game","AR Game","/images/themes/game_art/AR 游戏_AR Game.png",
"游戏美术",cat18_item21,"VR 游戏","VR Game","VR Game","/images/themes/game_art/VR 游戏_VR Game.png",
"游戏美术",cat18_item22,"游戏图标","Game Icon","Game Icon","/images/themes/game_art/游戏图标_Game Icon.png",
"游戏美术",cat18_item23,"复古像素","Retro Pixel","Retro Pixel","/images/themes/game_art/复古像素_Retro Pixel.png",
"游戏美术",cat18_item24,"VR 游戏","VR Game","VR Game","/images/themes/game_art/VR 游戏_VR Game.png",
"游戏美术",cat18_item25,"AR 游戏","AR Game","AR Game","/images/themes/game_art/AR 游戏_AR Game.png",
"游戏美术",cat18_item26,"独立游戏","Indie Game","Indie Game","/images/themes/game_art/独立游戏_Indie Game.png",
"游戏美术",cat18_item27,"VR 游戏","VR Game","VR Game","/images/themes/game_art/VR 游戏_VR Game.png",
"游戏美术",cat18_item28,"游戏图标","Game Icon","Game Icon","/images/themes/game_art/游戏图标_Game Icon.png",
"氛围情绪",cat19_item1,"孤独","Loneliness","Loneliness","/images/themes/mood/孤独_Loneliness.png",true
"氛围情绪",cat19_item2,"温暖","Warmth","Warmth","/images/themes/mood/温暖_Warmth.png",true
"氛围情绪",cat19_item3,"恐怖","Horror","Horror","/images/themes/mood/恐怖_Horror.png",true
"氛围情绪",cat19_item4,"梦幻","Dreamy","Dreamy","/images/themes/mood/梦幻_Dreamy.png",true
"氛围情绪",cat19_item5,"宁静","Serenity","Serenity","/images/themes/mood/宁静_Serenity.png",
"氛围情绪",cat19_item6,"忧郁","Melancholy","Melancholy","/images/themes/mood/忧郁_Melancholy.png",
"氛围情绪",cat19_item7,"兴奋","Excitement","Excitement","/images/themes/mood/兴奋_Excitement.png",
"氛围情绪",cat19_item8,"神秘","Mystery","Mystery","/images/themes/mood/神秘_Mystery.png",
"氛围情绪",cat19_item9,"浪漫","Romantic","Romantic","/images/themes/mood/浪漫_Romantic.png",
"氛围情绪",cat19_item10,"希望","Hope","Hope","/images/themes/mood/希望_Hope.png",
"氛围情绪",cat19_item11,"压抑","Oppressive","Oppressive","/images/themes/mood/压抑_Oppressive.png",
"氛围情绪",cat19_item12,"神圣","Sacred","Sacred","/images/themes/mood/神圣_Sacred.png",
"氛围情绪",cat19_item13,"荒诞","Absurd","Absurd","/images/themes/mood/荒诞_Absurd.png",
"氛围情绪",cat19_item14,"诗意","Poetic","Poetic","/images/themes/mood/诗意_Poetic.png",
"氛围情绪",cat19_item15,"庄严","Majestic","Majestic","/images/themes/mood/庄严_Majestic.png",
"氛围情绪",cat19_item16,"诡异","Uncanny","Uncanny","/images/themes/mood/诡异_Uncanny.png",
"氛围情绪",cat19_item17,"空灵","Ethereal","Ethereal","/images/themes/mood/空灵_Ethereal.png",
"氛围情绪",cat19_item18,"紧张","Tension","Tension","/images/themes/mood/紧张_Tension.png",
"氛围情绪",cat19_item19,"希望","Hope","Hope","/images/themes/mood/希望_Hope.png",
"氛围情绪",cat19_item20,"庄严","Majestic","Majestic","/images/themes/mood/庄严_Majestic.png",
"氛围情绪",cat19_item21,"诡异","Uncanny","Uncanny","/images/themes/mood/诡异_Uncanny.png",
"氛围情绪",cat19_item22,"空灵","Ethereal","Ethereal","/images/themes/mood/空灵_Ethereal.png",
"氛围情绪",cat19_item23,"紧张","Tension","Tension","/images/themes/mood/紧张_Tension.png",
"氛围情绪",cat19_item24,"希望","Hope","Hope","/images/themes/mood/希望_Hope.png",
"氛围情绪",cat19_item25,"庄严","Majestic","Majestic","/images/themes/mood/庄严_Majestic.png",
"氛围情绪",cat19_item26,"诗意","Poetic","Poetic","/images/themes/mood/诗意_Poetic.png",
"氛围情绪",cat19_item27,"诡异","Uncanny","Uncanny","/images/themes/mood/诡异_Uncanny.png",
"氛围情绪",cat19_item28,"空灵","Ethereal","Ethereal","/images/themes/mood/空灵_Ethereal.png",
"艺术家风格",cat20_item1,"抽象艺术家风格","Abstract Artist Style","Abstract Artist Style","/images/themes/artist_style/抽象艺术家风格_Abstract Artist Style.png",true
"艺术家风格",cat20_item2,"超现实主义艺术家风格","Surrealist Artist Style","Surrealist Artist Style","/images/themes/artist_style/超现实主义艺术家风格_Surrealist Artist Style.png",true
"艺术家风格",cat20_item3,"赛博朋克艺术家风格","Cyberpunk Artist Style","Cyberpunk Artist Style","/images/themes/artist_style/赛博朋克艺术家风格_Cyberpunk Artist Style.png",true
"艺术家风格",cat20_item4,"低多边形艺术家风格","Low-Poly Artist Style","Low-Poly Artist Style","/images/themes/artist_style/低多边形艺术家风格_Low-Poly Artist Style.png",true
"艺术家风格",cat20_item5," 媒体艺术家风格","Media Artist Style","Media Artist Style","/images/themes/artist_style/ 媒体艺术家风格_Media Artist Style.png",
"艺术家风格",cat20_item6,"插画艺术家风格","Illustration Artist Style","Illustration Artist Style","/images/themes/artist_style/插画艺术家风格_Illustration Artist Style.png",
"艺术家风格",cat20_item7,"风景艺术家风格","Landscape Artist Style","Landscape Artist Style","/images/themes/artist_style/风景艺术家风格_Landscape Artist Style.png",
"艺术家风格",cat20_item8,"迷幻艺术家风格","Psychedelic Artist Style","Psychedelic Artist Style","/images/themes/artist_style/迷幻艺术家风格_Psychedelic Artist Style.png",
"艺术家风格",cat20_item9,"复古艺术家风格","Retro Artist Style","Retro Artist Style","/images/themes/artist_style/复古艺术家风格_Retro Artist Style.png",
"艺术家风格",cat20_item10,"动漫艺术家风格","Anime Artist Style","Anime Artist Style","/images/themes/artist_style/动漫艺术家风格_Anime Artist Style.png",
"艺术家风格",cat20_item11,"现代极简主义艺术风格","Modern Minimalist Artist Style","Modern Minimalist Artist Style","/images/themes/artist_style/现代极简主义艺术风格_Modern Minimalist Artist Style.png",
"艺术家风格",cat20_item12,"动态插画艺术风格 ","Dynamic Illustration Artist Style","Dynamic Illustration Artist Style","/images/themes/artist_style/动态插画艺术风格 _Dynamic Illustration Artist Style.png",
"艺术家风格",cat20_item13,"童话艺术家风格","Fairy Tale Artist Style","Fairy Tale Artist Style","/images/themes/artist_style/童话艺术家风格_Fairy Tale Artist Style.png",
"艺术家风格",cat20_item14,"未来主义艺术家风格","Futuristic Artist Style","Futuristic Artist Style","/images/themes/artist_style/未来主义艺术家风格_Futuristic Artist Style.png",
"艺术家风格",cat20_item15,"动物插画艺术家风格 ","Animal Illustration Artist Style","Animal Illustration Artist Style","/images/themes/artist_style/动物插画艺术家风格 _Animal Illustration Artist Style.png",
"艺术家风格",cat20_item16,"迷你艺术家风格","Miniature Artist Style","Miniature Artist Style","/images/themes/artist_style/迷你艺术家风格_Miniature Artist Style.png",
"艺术家风格",cat20_item17,"黑白艺术家风格","Black and White Artist Style","Black and White Artist Style","/images/themes/artist_style/黑白艺术家风格_Black and White Artist Style.png",
"艺术家风格",cat20_item18,"数字拼贴艺术家风格","Digital Collage Artist Style","Digital Collage Artist Style","/images/themes/artist_style/数字拼贴艺术家风格_Digital Collage Artist Style.png",
"艺术家风格",cat20_item19,"幻想艺术家风格","Fantasy Artist Style","Fantasy Artist Style","/images/themes/artist_style/幻想艺术家风格_Fantasy Artist Style.png",
